Spieler,Verein,Liga,Liga (voll),Alter,Altersband,Fuß,Größe (cm),Minuten,PSV-99,Top-5 PSV-99,Speed Flag,Speed Score,Δ PSV-99,HSR P60BIP,Sprint P60BIP,HI-Dist P60BIP,Expl.Acc BIP,BIP Score,BIP Level,Δ HSR BIP,HSR OTIP P30,Sprint OTIP P30,HI-Dist OTIP P30,Expl.Acc OTIP,OTIP Score,OTIP Pass,Δ HSR OTIP,Time→HSR (s),Time→HSR CoD (s),Time→Sprint (s),Time→505° (s),Burst Score,Δ T→HSR,Physical Score,Run Quality,Dribbling,Box Threat,Transfer Score,Transferwert (€),IFI Index,IFI Punkte,Final Total,Final Tier,Spielertyp
Capita,Radomiak Radom,POL 1,POL - Ekstraklasa,24,24+,Left,171.0,1331,31.59,33.54,🔵 HIGH,3,2.14,853.0,441.7,1294.7,3.13,4,🔼 HIGH,63.4,415.0,154.2,569.2,0.98,4,✅ YES,28.1,0.57,0.6,1.14,1.8,4,-0.09,18.0,1.894,-0.04,1.681,0.985,,0.874,3,21.0,🔥 ELITE TARGET,Tiefenläufer + Box
Patryk Szwedzik,Ruch Chorzów,POL 2,POL - I liga,25,24+,Right,185.0,2260,31.21,32.96,🔵 HIGH,3,1.76,761.2,402.2,1163.5,2.71,3,🔼 HIGH,-28.4,390.1,156.6,546.7,0.81,4,✅ YES,3.2,0.56,0.56,0.99,1.8,4,-0.1,17.0,0.397,0.206,1.3,0.186,150000.0,0.527,3,20.0,🔥 ELITE TARGET,Box-Threat
Oskar Pietuszewski,Jagiellonia Białystok,POL 1,POL - Ekstraklasa,18,U21,Right,,1053,30.66,31.78,🟡 FAST,2,1.21,859.7,454.6,1314.4,2.22,4,🔼 HIGH,70.1,502.2,257.2,759.4,1.15,4,✅ YES,115.3,0.64,0.68,1.16,1.89,4,-0.02,16.0,0.466,1.002,0.647,0.512,,0.779,3,19.0,🟢 TOP TARGET,Dribbler
Samuel Šigut,Karviná,CZE 1,CZE - First League,24,24+,Right,178.0,1101,30.61,32.12,🟡 FAST,2,1.16,945.7,419.4,1365.1,1.72,4,🔼 HIGH,156.1,507.2,209.9,717.1,0.72,4,✅ YES,120.3,0.58,0.58,1.18,1.95,3,-0.08,15.5,1.241,0.769,0.336,0.494,350000.0,0.779,3,18.5,🟢 TOP TARGET,Tiefenläufer
Solomon John,Mladá Boleslav,CZE 1,CZE - First League,25,24+,Right,170.0,1299,31.02,32.24,🔵 HIGH,3,1.57,732.6,356.3,1088.9,2.2,3,🔼 HIGH,-57.0,372.3,148.9,521.2,0.7,3,✅ YES,-14.6,0.56,0.59,1.25,1.87,4,-0.1,15.5,1.195,1.17,0.383,0.628,,0.979,3,18.5,🟢 TOP TARGET,Läufer + Dribbler
Vojtěch Hranoš,Prostějov,CZE 2,CZE - FNL,20,U21,Right,,1087,30.76,32.46,🟡 FAST,2,1.31,919.2,429.7,1348.9,2.43,4,🔼 HIGH,129.6,429.5,141.6,571.1,0.82,4,✅ YES,42.6,0.57,0.69,1.28,1.87,4,-0.09,16.0,1.019,-0.013,0.371,0.156,450000.0,0.341,2,18.0,🟢 TOP TARGET,Tiefenläufer
Matous Varacka,Táborsko,CZE 2,CZE - FNL,25,24+,,,614,31.23,32.12,🔵 HIGH,3,1.78,1083.2,465.2,1548.4,2.04,4,🔼 HIGH,293.6,496.0,147.8,643.8,0.37,3,✅ YES,109.1,0.62,0.63,1.24,1.96,3,-0.04,16.0,0.104,-0.43,0.953,-0.094,225000.0,0.049,2,18.0,🟢 TOP TARGET,Keins dominant
Denis Kramář,Prostějov,CZE 2,CZE - FNL,23,U23,Right,185.0,183,31.3,31.3,🔵 HIGH,3,1.85,1177.0,357.3,1534.3,4.84,4,🔼 HIGH,387.4,542.6,108.2,650.7,1.22,3,✅ YES,155.7,0.76,,1.4,2.53,0,0.1,14.5,-0.373,0.486,2.042,0.415,200000.0,0.66,3,17.5,🟢 TOP TARGET,Box-Threat
Mariusz Fornalczyk,Widzew Łódź,POL 1,POL - Ekstraklasa,23,U23,Right,172.0,1828,31.89,33.0,🔵 HIGH,3,2.44,734.7,443.3,1178.1,4.11,3,🔼 HIGH,-54.9,323.6,129.5,453.0,0.82,2,✅ YES,-63.3,0.59,0.62,1.07,1.86,4,-0.07,14.0,0.85,0.946,-0.569,0.216,300000.0,0.543,3,17.0,🟢 TOP TARGET,Keins dominant
Dylann Kam,Trenčín,SVK,SVK - Niké Liga,22,U23,,,846,30.93,32.18,🟡 FAST,2,1.48,950.4,501.2,1451.6,4.24,4,🔼 HIGH,160.8,442.0,190.2,632.2,1.48,4,✅ YES,55.1,0.64,0.65,1.13,1.91,4,-0.02,16.0,0.261,0.305,-1.281,-0.724,,-0.103,1,17.0,🟡 WATCHLIST,Keins dominant
Vojtěch Sychra,Pardubice,CZE 1,CZE - First League,25,24+,Right,177.0,735,30.93,32.1,🟡 FAST,2,1.48,849.5,427.6,1277.1,2.4,4,🔼 HIGH,59.9,398.9,141.3,540.2,0.49,4,✅ YES,12.0,0.62,0.62,1.21,1.89,4,-0.04,16.0,0.266,-0.213,-0.522,-0.445,275000.0,-0.171,1,17.0,🟡 WATCHLIST,Keins dominant
Amar Memić,Viktoria Plzeň,CZE 1,CZE - First League,25,24+,Right,176.0,511,31.27,31.5,🔵 HIGH,3,1.82,873.6,423.0,1296.6,1.77,4,🔼 HIGH,84.0,468.2,201.6,669.9,0.31,3,✅ YES,81.3,0.65,0.68,1.14,2.06,3,-0.01,16.0,0.397,-0.256,-0.543,-0.422,500000.0,-0.164,1,17.0,🟡 WATCHLIST,Keins dominant
Mateusz Stępień,Puszcza Niepołomice,POL 2,POL - I liga,24,24+,Right,184.0,319,31.1,31.88,🔵 HIGH,3,1.65,995.0,480.5,1475.5,2.07,4,🔼 HIGH,205.4,506.0,223.4,729.5,0.77,4,✅ YES,119.2,0.73,0.93,1.4,2.04,0,0.07,16.0,0.124,-0.383,-0.283,-0.628,250000.0,-0.231,1,17.0,🟡 WATCHLIST,Keins dominant
Kamil Manseri,Koper,SVN,SVN - 1. SNL,25,24+,Right,176.0,637,30.88,31.96,🟡 FAST,2,1.43,822.9,322.8,1145.7,1.99,4,🔼 HIGH,33.3,386.9,131.1,518.0,0.92,3,✅ YES,-0.0,0.67,0.7,1.44,2.08,1,0.01,13.0,3.039,1.789,1.292,1.689,,1.978,4,17.0,🟢 TOP TARGET,Komplettflügel
Sani Suleiman,Trenčín,SVK,SVK - Niké Liga,20,U21,Right,,721,30.61,31.7,🟡 FAST,2,1.16,720.4,398.5,1118.9,3.43,3,🔼 HIGH,-69.2,316.4,183.5,499.9,0.89,2,✅ YES,-70.5,0.6,0.6,1.14,1.91,4,-0.06,12.0,2.735,3.739,0.588,1.868,,2.701,5,17.0,🟢 TOP TARGET,Läufer + Dribbler
Musa Juwara,Pogoń Szczecin,POL 1,POL - Ekstraklasa,25,24+,Left,170.0,999,29.9,31.5,🟠 MEDIUM,1,0.45,853.3,395.2,1248.6,2.59,4,🔼 HIGH,63.7,436.3,172.3,608.6,0.61,4,✅ YES,49.4,0.64,0.66,1.23,1.9,4,-0.02,14.0,0.4,1.602,-0.112,0.437,850000.0,0.873,3,17.0,🟢 TOP TARGET,Dribbler
Pawel Kruszelnicki,Stal Mielec,POL 2,POL - I liga,23,U23,,,1859,29.99,31.46,🟠 MEDIUM,1,0.54,842.2,352.0,1194.2,2.25,4,🔼 HIGH,52.5,438.1,128.7,566.8,0.67,4,✅ YES,51.2,0.61,0.73,1.19,1.82,3,-0.05,13.5,1.587,-0.077,0.638,0.268,,0.518,3,16.5,🔵 INTERESTING,Tiefenläufer
Garang Kuol,Sparta Praha,CZE 1,CZE - First League,22,U23,Right,175.0,280,31.02,31.02,🔵 HIGH,3,1.57,704.5,343.8,1048.3,4.0,2,➡ MEDIUM,-85.1,428.4,141.2,569.6,1.03,4,✅ YES,41.5,0.63,0.65,1.11,2.39,3,-0.03,15.5,-0.638,-0.144,-0.36,-0.669,,-0.322,1,16.5,🟡 WATCHLIST,Keins dominant
Simion Michez,Sigma Olomouc,CZE 1,CZE - First League,24,24+,Right,178.0,538,29.94,30.46,🟠 MEDIUM,1,0.49,975.1,399.0,1374.1,2.88,4,🔼 HIGH,185.5,488.7,170.3,659.1,1.32,4,✅ YES,101.8,0.63,0.67,1.33,1.92,3,-0.03,13.5,0.199,1.881,-0.575,0.213,900000.0,0.846,3,16.5,🔵 INTERESTING,Dribbler
Kai Brosnan,Zemplín Michalovce,SVK,SVK - Niké Liga,24,24+,,,1182,29.65,31.24,🟠 MEDIUM,1,0.2,932.3,406.0,1338.3,2.56,4,🔼 HIGH,142.7,499.9,187.6,687.5,0.47,4,✅ YES,113.0,0.64,0.67,1.35,1.88,3,-0.02,13.5,1.94,0.685,1.592,0.92,,1.226,3,16.5,🔵 INTERESTING,Tiefenläufer + Box
Michal Król,Motor Lublin,POL 1,POL - Ekstraklasa,26,24+,Right,173.0,1458,29.53,30.66,🟠 MEDIUM,1,0.08,890.3,355.1,1245.3,2.18,4,🔼 HIGH,100.7,473.6,144.5,618.2,0.47,4,✅ YES,86.7,0.64,0.65,1.19,1.82,4,-0.02,14.0,-0.034,0.486,-0.568,-0.232,350000.0,0.092,2,16.0,🔵 INTERESTING,Keins dominant
Balázs Manner,Nyíregyháza Spartacus,HUN,HUN - Nemzeti Bajnokság,21,U21,,,1047,29.77,30.64,🟠 MEDIUM,1,0.32,1068.4,442.1,1510.5,2.15,4,🔼 HIGH,278.8,535.6,219.4,755.0,0.69,4,✅ YES,148.7,0.63,0.64,1.18,1.92,4,-0.03,14.0,-0.606,0.675,-0.27,-0.462,,0.119,2,16.0,🔵 INTERESTING,Keins dominant
Soliu Afolabi,Slovan Liberec,CZE 1,CZE - First League,21,U21,,,1195,30.11,32.0,🟠 MEDIUM,1,0.66,1100.9,490.3,1591.2,3.81,4,🔼 HIGH,311.3,577.5,223.8,801.3,1.97,4,✅ YES,190.6,0.53,0.55,1.12,1.87,4,-0.13,14.0,0.021,0.428,0.232,-0.061,,0.277,2,16.0,🔵 INTERESTING,Keins dominant
Adin Molnár,MTK,HUN,HUN - Nemzeti Bajnokság,22,U23,,181.0,1978,30.75,32.52,🟡 FAST,2,1.3,763.9,343.7,1107.5,2.46,3,🔼 HIGH,-25.7,311.0,118.9,429.8,0.86,2,✅ YES,-75.9,0.6,0.6,1.2,1.93,4,-0.06,12.0,1.114,2.051,0.991,0.99,175000.0,1.551,4,16.0,🔵 INTERESTING,Läufer + Dribbler
Mbaye Ndiaye,Motor Lublin,POL 1,POL - Ekstraklasa,23,U23,,,1180,30.37,31.84,🟠 MEDIUM,1,0.92,1063.0,489.3,1552.3,2.02,4,🔼 HIGH,273.4,507.3,187.8,695.1,0.65,4,✅ YES,120.4,0.69,0.7,1.3,1.97,2,0.03,13.0,1.528,-0.234,1.707,0.807,,0.692,3,16.0,🔵 INTERESTING,Tiefenläufer + Box
Leandro Sanca,Piast Gliwice,POL 1,POL - Ekstraklasa,26,24+,Right,184.0,1348,29.81,30.9,🟠 MEDIUM,1,0.36,805.3,308.3,1113.6,2.71,4,🔼 HIGH,15.7,393.1,145.1,538.2,0.97,4,✅ YES,6.2,0.65,0.66,1.32,1.95,2,-0.01,13.0,0.792,2.143,-0.082,0.758,400000.0,1.249,3,16.0,🔵 INTERESTING,Dribbler
Samuel Akere,Widzew Łódź,POL 1,POL - Ekstraklasa,22,U23,Right,180.0,737,30.35,31.32,🟠 MEDIUM,1,0.9,907.9,350.4,1258.4,2.61,4,🔼 HIGH,118.3,481.4,130.1,611.6,1.02,4,✅ YES,94.5,0.58,0.64,1.13,1.99,3,-0.08,13.5,0.701,0.355,-0.67,-0.065,900000.0,0.185,2,15.5,🔵 INTERESTING,Keins dominant
Nikita Iosifov,Celje,SVN,SVN - 1. SNL,25,24+,Right,175.0,1627,30.72,32.48,🟡 FAST,2,1.27,674.6,342.6,1017.1,2.1,2,➡ MEDIUM,-115.0,361.2,141.5,502.7,0.59,3,✅ YES,-25.7,0.61,0.62,1.2,1.83,4,-0.05,12.5,2.399,0.864,1.832,1.347,400000.0,1.49,3,15.5,🔵 INTERESTING,Tiefenläufer + Box
Jakub Jendryka,Ruch Chorzów,POL 2,POL - I liga,20,U21,,,859,30.65,31.62,🟡 FAST,2,1.2,909.1,395.9,1305.0,2.18,4,🔼 HIGH,119.5,515.1,204.8,719.9,0.95,4,✅ YES,128.2,0.59,0.68,1.29,2.02,3,-0.07,15.5,-0.433,-0.715,-0.8,-1.098,,-0.666,0,15.5,🟡 WATCHLIST,Keins dominant
Mateusz Szczepaniak,Pogoń Grod. Mazowiecki,POL 2,POL - I liga,19,U21,Right,177.0,1057,30.99,32.2,🟡 FAST,2,1.54,785.1,377.6,1162.7,2.59,3,🔼 HIGH,-4.5,358.8,168.4,527.2,1.11,3,✅ YES,-28.0,0.56,0.61,1.17,1.79,4,-0.1,13.5,-0.062,-0.085,1.174,-0.105,,0.236,2,15.5,🔵 INTERESTING,Box-Threat
Dominik Kocsis,Debrecen,HUN,HUN - Nemzeti Bajnokság,24,24+,Left,175.0,1973,30.53,32.18,🟡 FAST,2,1.08,816.9,378.0,1194.8,3.31,4,🔼 HIGH,27.3,329.6,112.8,442.4,1.11,1,❌ NO,-57.3,0.55,0.59,1.08,1.9,4,-0.11,11.5,1.46,2.714,0.334,1.108,300000.0,1.806,4,15.5,🔵 INTERESTING,Läufer + Dribbler
Kelechukwu Ibe-Torti,Chrobry Głogów,POL 2,POL - I liga,24,24+,Right,174.0,1171,29.77,31.14,🟠 MEDIUM,1,0.32,862.0,351.8,1213.8,2.37,4,🔼 HIGH,72.4,450.5,117.8,568.2,0.72,3,✅ YES,63.6,0.6,0.63,1.17,1.91,4,-0.06,12.5,0.77,0.713,0.567,0.236,125000.0,0.691,3,15.5,🔵 INTERESTING,Keins dominant
Adonija Ouanda,Slovácko,CZE 1,CZE - First League,21,U21,,,157,30.97,30.97,🟡 FAST,2,1.52,785.4,368.0,1153.4,2.91,3,🔼 HIGH,-4.1,358.0,200.2,558.2,0.73,3,✅ YES,-28.9,0.61,,1.45,2.45,1,-0.05,12.0,0.4,1.106,2.62,1.087,,1.308,3,15.0,🔵 INTERESTING,Dribbler + Box
Sacha Komljenovic,Baník Ostrava II,CZE 2,CZE - FNL,23,U23,Right,178.0,722,29.67,30.26,🟠 MEDIUM,1,0.22,970.2,347.2,1317.3,2.03,4,🔼 HIGH,180.6,447.5,141.6,589.0,1.05,4,✅ YES,60.6,0.61,0.66,1.44,2.14,2,-0.05,13.0,-0.595,-0.165,1.595,-0.025,125000.0,0.167,2,15.0,🔵 INTERESTING,Box-Threat
Jan Buryán,Táborsko,CZE 2,CZE - FNL,21,U21,Left,175.0,636,30.31,31.0,🟠 MEDIUM,1,0.86,1079.4,451.8,1531.1,2.64,4,🔼 HIGH,289.7,524.2,239.3,763.5,1.78,4,✅ YES,137.2,0.68,0.69,1.29,1.83,3,0.02,13.5,-0.519,-0.713,1.838,-0.101,300000.0,-0.027,1,14.5,🟡 WATCHLIST,Box-Threat
Asier Córdoba,Miedź Legnica,POL 2,POL - I liga,26,24+,Left,184.0,945,30.09,31.46,🟠 MEDIUM,1,0.64,1069.1,538.3,1607.4,2.51,4,🔼 HIGH,279.5,645.9,305.6,951.5,1.51,4,✅ YES,259.0,0.61,0.62,1.23,1.94,3,-0.05,13.5,-0.609,-0.285,0.875,-0.455,250000.0,-0.076,1,14.5,🟡 WATCHLIST,Keins dominant
Matěj Radosta,Teplice,CZE 1,CZE - First League,25,24+,Right,178.0,836,30.82,31.72,🟡 FAST,2,1.37,941.6,492.8,1434.4,2.97,4,🔼 HIGH,152.0,381.7,150.0,531.7,0.61,3,✅ YES,-5.2,0.61,0.61,1.29,1.83,4,-0.05,14.5,-0.001,-1.568,-1.017,-1.15,275000.0,-1.039,0,14.5,🟡 WATCHLIST,Keins dominant
Yegor Sharabura,Śląsk Wrocław,POL 2,POL - I liga,22,U23,Right,,533,30.19,30.84,🟠 MEDIUM,1,0.74,927.9,352.2,1280.1,2.23,4,🔼 HIGH,138.3,474.0,169.4,643.4,0.71,4,✅ YES,87.1,0.65,0.68,1.17,2.02,3,-0.01,13.5,-0.817,-0.246,-0.342,-0.916,,-0.412,1,14.5,🟡 WATCHLIST,Keins dominant
Marcel Regula,Zagłębie Lubin,POL 1,POL - Ekstraklasa,20,U21,,180.0,1212,29.74,31.18,🟠 MEDIUM,1,0.29,843.0,334.3,1177.3,2.21,4,🔼 HIGH,53.4,402.6,149.5,552.1,1.04,4,✅ YES,15.7,0.67,0.69,1.28,1.93,3,0.01,13.5,0.764,-0.842,-0.305,-0.321,,-0.306,1,14.5,🟡 WATCHLIST,Keins dominant
Mamin Sanyang,Tychy 71,POL 2,POL - I liga,23,U23,Right,172.0,352,30.22,30.22,🟠 MEDIUM,1,0.77,914.0,413.6,1327.6,3.03,4,🔼 HIGH,124.4,468.1,181.9,650.0,1.14,4,✅ YES,81.2,0.66,0.75,1.33,2.27,1,0.0,12.5,0.166,0.614,0.036,-0.176,100000.0,0.357,2,14.5,🔵 INTERESTING,Keins dominant
Emmanuel Ayaosi,Karviná,CZE 1,CZE - First League,22,U23,,,1223,29.88,31.54,🟠 MEDIUM,1,0.43,892.4,377.6,1269.9,2.64,4,🔼 HIGH,102.8,385.6,142.0,527.6,0.64,3,✅ YES,-1.3,0.6,0.61,1.07,1.86,4,-0.06,12.5,-0.224,0.132,0.324,-0.211,,0.091,2,14.5,🔵 INTERESTING,Keins dominant
Jáchym Šíp,Sigma Olomouc,CZE 1,CZE - First League,23,U23,Left,176.0,814,30.18,31.58,🟠 MEDIUM,1,0.73,952.3,408.7,1360.9,1.62,4,🔼 HIGH,162.7,426.7,133.8,560.4,0.47,4,✅ YES,39.8,0.64,0.65,1.16,1.95,3,-0.02,13.5,0.048,-0.287,-0.155,-0.42,400000.0,-0.17,1,14.5,🟡 WATCHLIST,Keins dominant
Kido Taylor-Hart,Zemplín Michalovce,SVK,SVK - Niké Liga,24,24+,Left,,1105,30.17,31.22,🟠 MEDIUM,1,0.72,814.8,328.0,1142.8,0.8,3,🔼 HIGH,25.2,434.8,147.0,581.8,0.2,3,✅ YES,47.9,0.62,0.64,1.52,1.91,3,-0.04,11.0,0.273,0.627,0.952,0.131,,0.62,3,14.0,🔵 INTERESTING,Keins dominant
Aljoša Matko,Újpest,HUN,HUN - Nemzeti Bajnokság,26,24+,Right,177.0,1947,30.99,32.62,🟡 FAST,2,1.54,867.7,444.0,1311.7,1.68,4,🔼 HIGH,78.1,384.6,163.4,548.0,0.31,2,✅ YES,-2.3,0.64,0.64,1.23,1.83,4,-0.02,13.0,0.304,-1.222,0.77,-0.444,1000000.0,-0.342,1,14.0,🟡 WATCHLIST,Keins dominant
Abbati Abdullahi,Skalica,SVK,SVK - Niké Liga,20,U21,,,614,29.35,30.16,—,0,-0.1,956.8,379.4,1336.2,1.96,4,🔼 HIGH,167.1,447.7,141.5,589.2,0.67,4,✅ YES,60.8,0.63,0.64,1.24,1.93,4,-0.03,12.0,0.462,0.082,-0.494,-0.469,,0.033,2,14.0,🔵 INTERESTING,Keins dominant
Nicolas Penner,Mladá Boleslav,CZE 1,CZE - First League,25,24+,Right,178.0,263,30.16,30.16,🟠 MEDIUM,1,0.71,926.0,398.4,1324.4,0.43,3,🔼 HIGH,136.4,444.7,142.0,586.8,0.48,4,✅ YES,57.8,0.73,0.84,1.74,2.11,0,0.07,11.0,0.786,1.804,-0.532,0.398,300000.0,0.965,3,14.0,🔵 INTERESTING,Dribbler
Artūr Dolžnikov,Sigma Olomouc,CZE 1,CZE - First League,26,24+,Right,176.0,487,30.44,30.8,🟠 MEDIUM,1,0.99,1009.0,443.0,1452.1,1.28,3,🔼 HIGH,219.4,556.9,254.8,811.6,0.76,4,✅ YES,170.0,0.73,0.82,1.36,2.08,0,0.07,11.0,-0.087,0.772,1.047,0.289,400000.0,0.626,3,14.0,🔵 INTERESTING,Box-Threat
Dominik Farka,Vysočina Jihlava,CZE 2,CZE - FNL,22,U23,,,302,30.96,30.96,🟡 FAST,2,1.51,906.3,365.4,1271.6,2.06,4,🔼 HIGH,116.7,465.2,180.2,645.4,1.39,4,✅ YES,78.3,0.74,0.81,1.44,2.24,0,0.08,14.0,-0.567,-1.194,-0.538,-1.069,175000.0,-0.873,0,14.0,🟡 WATCHLIST,Keins dominant
Miroslav Krehlik,Vysočina Jihlava,CZE 2,CZE - FNL,23,U23,,,1131,30.05,30.94,🟠 MEDIUM,1,0.6,993.4,405.4,1398.8,2.21,4,🔼 HIGH,203.8,479.9,176.6,656.5,0.75,4,✅ YES,93.0,0.6,0.64,1.24,1.82,4,-0.06,14.0,-0.835,-0.884,0.12,-0.836,,-0.621,0,14.0,🟡 WATCHLIST,Keins dominant
Luka Marjanac,Śląsk Wrocław,POL 2,POL - I liga,23,U23,Right,177.0,619,29.06,29.94,—,0,-0.39,901.7,392.9,1294.6,2.05,4,🔼 HIGH,112.1,384.8,146.2,531.0,0.63,3,✅ YES,-2.1,0.65,0.65,1.22,1.9,4,-0.01,10.5,2.069,0.872,2.028,1.208,200000.0,1.46,3,13.5,🟡 WATCHLIST,Tiefenläufer + Box
Daniel Toula,Slavia Praha II,CZE 2,CZE - FNL,21,U21,,185.0,609,30.18,30.88,🟠 MEDIUM,1,0.73,821.3,391.4,1212.7,2.06,4,🔼 HIGH,31.7,424.4,207.3,631.7,0.85,4,✅ YES,37.5,0.62,0.67,1.25,2.03,3,-0.04,13.5,-1.265,-1.199,0.063,-1.104,,-0.9,0,13.5,🟡 WATCHLIST,Keins dominant
Kacper Laskowski,Chrobry Głogów,POL 2,POL - I liga,25,24+,,,1885,29.94,31.7,🟠 MEDIUM,1,0.49,800.2,337.6,1137.7,1.91,4,🔼 HIGH,10.5,384.7,127.9,512.6,0.5,3,✅ YES,-2.2,0.6,0.64,1.15,1.93,4,-0.06,12.5,0.27,-0.668,0.257,-0.495,,-0.202,1,13.5,🟡 WATCHLIST,Keins dominant
Marcel Wędrychowski,Katowice,POL 1,POL - Ekstraklasa,24,24+,Left,171.0,595,28.73,29.64,—,0,-0.72,1077.4,348.5,1425.8,3.06,4,🔼 HIGH,287.8,646.8,172.9,819.7,0.8,4,✅ YES,259.9,0.6,0.67,1.29,1.94,3,-0.06,11.5,-0.197,0.778,-0.838,-0.279,300000.0,0.13,2,13.5,🟡 WATCHLIST,Keins dominant
Meshack Ubochioma,Kazincbarcika,HUN,HUN - Nemzeti Bajnokság,25,24+,Left,172.0,967,30.01,31.48,🟠 MEDIUM,1,0.56,817.8,287.6,1105.4,1.23,3,🔼 HIGH,28.2,379.2,134.5,513.8,0.55,3,✅ YES,-7.6,0.61,0.7,1.26,1.93,4,-0.05,11.5,1.552,0.008,-0.42,-0.015,,0.287,2,13.5,🟡 WATCHLIST,Tiefenläufer
Felix Čejka,Opava,CZE 2,CZE - FNL,25,24+,Right,179.0,555,28.37,28.68,—,0,-1.08,981.4,325.0,1306.5,1.8,4,🔼 HIGH,191.8,415.7,135.6,551.2,0.63,4,✅ YES,28.8,0.69,0.7,1.49,2.01,1,0.03,10.5,0.106,0.342,1.706,0.415,175000.0,0.624,3,13.5,🟡 WATCHLIST,Box-Threat
Václav Drchal,Bohemians 1905,CZE 1,CZE - First League,27,24+,Right,185.0,1287,30.44,32.08,🟠 MEDIUM,1,0.99,828.9,426.9,1255.8,2.12,4,🔼 HIGH,39.3,333.8,169.2,503.0,1.0,3,✅ YES,-53.1,0.63,0.72,1.18,1.95,2,-0.03,11.5,0.938,-0.639,1.451,0.295,375000.0,0.278,2,13.5,🟡 WATCHLIST,Box-Threat
Vasco Lopes,Radomiak Radom,POL 1,POL - Ekstraklasa,27,24+,Left,185.0,1280,28.9,30.56,—,0,-0.55,848.9,305.4,1154.3,2.38,4,🔼 HIGH,59.3,418.5,143.3,561.8,0.95,4,✅ YES,31.6,0.68,0.73,1.33,1.88,1,0.02,10.5,0.315,1.461,-0.545,0.217,450000.0,0.673,3,13.5,🟡 WATCHLIST,Dribbler
Kacper Sezonienko,Lechia Gdańsk,POL 1,POL - Ekstraklasa,23,U23,Right,190.0,899,30.42,31.5,🟠 MEDIUM,1,0.97,879.6,413.4,1292.9,1.9,4,🔼 HIGH,89.9,506.6,236.5,743.1,0.83,4,✅ YES,119.7,0.62,0.62,1.28,1.99,3,-0.04,13.5,-1.387,-1.16,-0.527,-1.218,300000.0,-1.059,0,13.5,🟡 WATCHLIST,Keins dominant
Divine Omoregie,Domžale,SVN,SVN - 1. SNL,21,U21,,,176,31.3,31.3,🔵 HIGH,3,1.85,797.8,403.5,1201.3,5.95,4,🔼 HIGH,8.2,284.0,167.8,451.8,2.93,2,✅ YES,-102.9,0.68,0.75,1.18,2.46,1,0.02,13.5,-0.315,-2.52,-1.305,-1.732,,-1.665,0,13.5,🟡 WATCHLIST,Keins dominant
Issa Fomba,Artis Brno,CZE 2,CZE - FNL,25,24+,Both,176.0,213,30.8,30.8,🟡 FAST,2,1.35,828.3,282.4,1110.7,1.08,2,➡ MEDIUM,38.7,461.1,150.7,611.8,0.0,3,✅ YES,74.2,0.76,,,2.27,0,0.1,10.5,0.585,2.197,-0.03,0.614,,1.237,3,13.5,🟡 WATCHLIST,Dribbler
Ábel Krajcsovics,Újpest,HUN,HUN - Nemzeti Bajnokság,22,U23,Right,,338,30.18,30.54,🟠 MEDIUM,1,0.73,1083.0,450.3,1533.3,1.54,4,🔼 HIGH,293.4,475.3,173.0,648.2,0.41,3,✅ YES,88.4,0.79,0.79,1.77,1.96,0,0.13,10.5,1.965,0.714,1.445,0.98,75000.0,1.21,3,13.5,🟡 WATCHLIST,Tiefenläufer + Box
Mustapha Adio Ojora,Vlašim,CZE 2,CZE - FNL,22,U23,,,331,29.33,29.68,—,0,-0.12,824.2,335.6,1159.8,0.97,3,🔼 HIGH,34.6,430.9,171.6,602.4,0.67,4,✅ YES,44.0,0.63,0.69,1.33,1.98,2,-0.03,10.0,1.368,0.377,0.845,0.56,,0.742,3,13.0,🟡 WATCHLIST,Tiefenläufer
Natan Dzięgielewski,Wieczysta Kraków,POL 2,POL - I liga,22,U23,Right,180.0,309,30.18,30.66,🟠 MEDIUM,1,0.73,936.1,478.3,1414.5,1.8,4,🔼 HIGH,146.5,596.4,312.4,908.8,2.09,4,✅ YES,209.5,0.64,0.64,1.45,1.98,2,-0.02,13.0,-1.645,-0.816,-0.211,-1.339,75000.0,-0.872,0,13.0,🟡 WATCHLIST,Keins dominant
Adrian Fiala,Trenčín,SVK,SVK - Niké Liga,21,U21,,,348,30.0,30.0,🟠 MEDIUM,1,0.55,779.9,347.7,1127.6,1.81,3,🔼 HIGH,-9.7,372.0,186.0,558.0,0.37,2,✅ YES,-14.9,0.65,0.67,1.35,2.11,2,-0.01,9.0,1.349,3.555,-0.819,0.876,,1.91,4,13.0,🟡 WATCHLIST,Läufer + Dribbler
Angel Baena,Widzew Łódź,POL 1,POL - Ekstraklasa,26,24+,Right,175.0,986,29.54,31.46,🟠 MEDIUM,1,0.09,829.6,314.6,1144.2,2.25,4,🔼 HIGH,40.0,414.4,101.6,516.0,0.24,2,✅ YES,27.5,0.63,0.65,1.29,1.89,4,-0.03,11.0,1.243,0.307,-0.643,0.109,300000.0,0.303,2,13.0,🟡 WATCHLIST,Tiefenläufer
Jakub Sypek,Zagłębie Lubin,POL 1,POL - Ekstraklasa,25,24+,Right,180.0,675,29.87,31.54,🟠 MEDIUM,1,0.42,927.2,381.5,1308.7,2.22,4,🔼 HIGH,137.6,355.9,123.3,479.3,0.49,2,✅ YES,-31.0,0.64,0.69,1.21,1.93,4,-0.02,11.0,0.27,0.07,0.288,0.016,350000.0,0.174,2,13.0,🟡 WATCHLIST,Keins dominant
Jakub Zbrog,Pogoń Siedlce,POL 2,POL - I liga,19,U21,,,950,30.0,32.56,🟠 MEDIUM,1,0.55,818.7,366.6,1185.4,3.55,4,🔼 HIGH,29.1,382.6,135.0,517.6,1.25,3,✅ YES,-4.3,0.59,0.66,1.15,2.04,3,-0.07,12.0,-0.082,-0.553,-0.308,-0.762,,-0.374,1,13.0,🟡 WATCHLIST,Keins dominant
Denis Višinský,Viktoria Plzeň,CZE 1,CZE - First League,23,U23,Right,178.0,761,30.2,31.4,🟠 MEDIUM,1,0.75,1031.7,471.4,1503.1,2.46,4,🔼 HIGH,242.1,484.1,228.8,713.0,0.35,3,✅ YES,97.2,0.71,0.73,1.38,1.87,1,0.05,11.0,0.622,0.09,1.164,0.337,450000.0,0.492,2,13.0,🟡 WATCHLIST,Box-Threat
Jakub Matoušek,Prostějov,CZE 2,CZE - FNL,27,24+,Right,177.0,724,30.52,31.58,🟡 FAST,2,1.07,861.4,387.3,1248.6,0.94,3,🔼 HIGH,71.8,397.2,139.0,536.2,0.0,3,✅ YES,10.3,0.7,0.75,1.59,1.81,1,0.04,12.0,-0.572,0.12,-0.175,-0.512,250000.0,-0.127,1,13.0,🟡 WATCHLIST,Keins dominant
Prince Adu,Viktoria Plzeň,CZE 1,CZE - First League,23,U23,Right,179.0,495,30.69,31.24,🟡 FAST,2,1.24,786.5,338.9,1125.4,1.8,3,🔼 HIGH,-3.1,342.5,121.4,463.9,0.89,2,✅ YES,-44.4,0.71,0.72,1.33,2.17,0,0.05,10.0,0.726,0.704,2.024,0.863,,1.039,3,13.0,🟡 WATCHLIST,Box-Threat
Szabolcs Schön,Győri ETO,HUN,HUN - Nemzeti Bajnokság,26,24+,Left,173.0,1375,29.37,30.66,—,0,-0.08,905.4,309.3,1214.8,2.7,4,🔼 HIGH,115.8,437.4,131.0,568.4,0.9,4,✅ YES,50.5,0.62,0.63,1.32,1.97,2,-0.04,11.0,0.082,-0.029,0.653,-0.159,900000.0,0.169,2,13.0,🟡 WATCHLIST,Keins dominant
Bradly van Hoeven,Motor Lublin,POL 1,POL - Ekstraklasa,26,24+,Left,174.0,735,29.47,30.7,🟠 MEDIUM,1,0.02,1038.9,353.7,1392.6,1.71,4,🔼 HIGH,249.3,592.2,147.2,739.4,0.31,3,✅ YES,205.3,0.65,0.65,1.22,2.09,3,-0.01,12.0,-0.013,-0.151,-0.855,-0.533,275000.0,-0.293,1,13.0,🟡 WATCHLIST,Keins dominant
Jakub Selnar,Zbrojovka Brno,CZE 2,CZE - FNL,26,24+,,181.0,658,28.84,29.46,—,0,-0.61,995.4,299.6,1295.0,2.53,4,🔼 HIGH,205.8,470.7,133.7,604.4,1.14,4,✅ YES,83.8,0.7,0.7,1.38,1.92,2,0.04,11.0,1.245,-0.251,0.675,0.253,200000.0,0.355,2,13.0,🟡 WATCHLIST,Tiefenläufer
Marvis Ogiomade,Vysočina Jihlava,CZE 2,CZE - FNL,26,24+,,184.0,777,29.03,30.54,—,0,-0.42,896.1,362.1,1258.2,2.34,4,🔼 HIGH,106.5,458.8,132.9,591.8,0.63,4,✅ YES,71.9,0.7,0.7,1.28,2.24,2,0.04,11.0,0.919,0.571,-0.584,-0.001,200000.0,0.369,2,13.0,🟡 WATCHLIST,Keins dominant
Isaac Tshipamba,Maribor,SVN,SVN - 1. SNL,26,24+,Right,177.0,882,30.34,31.34,🟠 MEDIUM,1,0.89,774.6,336.7,1111.3,1.35,3,🔼 HIGH,-15.0,366.8,143.8,510.6,0.42,2,✅ YES,-20.1,0.62,0.65,1.2,2.07,3,-0.04,9.5,1.39,0.814,1.132,0.76,200000.0,1.037,3,12.5,🟡 WATCHLIST,Tiefenläufer + Box
Hugo Vallejo,Piast Gliwice,POL 1,POL - Ekstraklasa,26,24+,Right,181.0,951,29.11,30.4,—,0,-0.34,840.1,256.6,1096.6,2.67,3,🔼 HIGH,50.5,412.9,122.8,535.7,1.41,4,✅ YES,26.0,0.65,0.66,1.24,1.97,3,-0.01,10.5,0.116,0.457,0.363,0.119,500000.0,0.348,2,12.5,🟡 WATCHLIST,Keins dominant
Tadeas Korycan,Hanácká,CZE 2,CZE - FNL,24,24+,,,414,31.14,31.74,🔵 HIGH,3,1.69,838.1,359.2,1197.3,0.29,3,🔼 HIGH,48.5,385.1,158.5,543.6,0.0,2,✅ YES,-1.8,0.75,0.82,,1.9,1,0.09,12.5,-0.758,-0.706,0.131,-0.748,,-0.51,0,12.5,🟡 WATCHLIST,Keins dominant
Nándor Tamás,Komárno,SVK,SVK - Niké Liga,26,24+,Right,171.0,1507,30.7,31.8,🟡 FAST,2,1.25,749.2,385.0,1134.2,2.11,3,🔼 HIGH,-40.4,285.0,118.4,403.4,0.73,1,❌ NO,-101.9,0.59,0.68,1.12,1.86,4,-0.07,10.5,0.42,0.439,0.459,-0.047,100000.0,0.439,2,12.5,🟡 WATCHLIST,Keins dominant
Patrik Iľko,Žilina,SVK,SVK - Niké Liga,25,24+,Right,180.0,850,29.32,30.02,—,0,-0.13,1161.3,396.7,1558.0,1.41,4,🔼 HIGH,371.7,571.4,166.6,737.9,0.71,4,✅ YES,184.5,0.67,0.73,1.31,1.99,1,0.01,10.5,0.241,0.4,0.09,-0.242,350000.0,0.283,2,12.5,🟡 WATCHLIST,Keins dominant
Eman Marković,Katowice,POL 1,POL - Ekstraklasa,27,24+,Right,180.0,754,30.24,31.7,🟠 MEDIUM,1,0.79,811.7,312.9,1124.6,1.54,4,🔼 HIGH,22.1,429.6,85.6,515.2,0.44,2,✅ YES,42.7,0.73,0.79,1.45,1.88,1,0.07,9.5,0.925,0.723,1.13,0.733,500000.0,0.876,3,12.5,🟡 WATCHLIST,Box-Threat
Kornel Lisman,Lech Poznań,POL 1,POL - Ekstraklasa,20,U21,Right,186.0,334,29.83,30.36,🟠 MEDIUM,1,0.38,832.5,306.3,1138.8,2.3,4,🔼 HIGH,42.9,426.2,113.9,540.0,0.31,2,✅ YES,39.3,0.68,0.71,1.24,2.23,1,0.02,9.5,2.085,1.91,0.073,1.163,,1.495,3,12.5,🟡 WATCHLIST,Läufer + Dribbler
Márk Kovácsréti,Nyíregyháza Spartacus,HUN,HUN - Nemzeti Bajnokság,26,24+,Left,186.0,951,29.15,29.84,—,0,-0.3,931.3,330.9,1262.2,1.26,3,🔼 HIGH,141.7,454.7,155.8,610.5,0.61,4,✅ YES,67.8,0.63,0.64,1.35,1.85,3,-0.03,10.5,-0.332,0.624,-0.737,-0.543,175000.0,0.045,2,12.5,🟡 WATCHLIST,Keins dominant
Jakub Matoušek,Prostějov,CZE 1,CZE - First League,28,24+,Right,177.0,274,31.78,31.78,🔵 HIGH,3,2.33,709.7,422.5,1132.3,2.18,3,🔼 HIGH,-79.9,243.6,110.0,353.6,1.26,1,❌ NO,-143.3,0.68,0.68,1.3,2.09,2,0.02,11.5,-0.572,0.12,-0.175,-0.512,250000.0,-0.127,1,12.5,🟡 WATCHLIST,Keins dominant
Ebrima Singhateh,Karviná,CZE 1,CZE - First League,23,U23,Right,183.0,750,29.93,31.1,🟠 MEDIUM,1,0.48,776.1,345.7,1121.8,2.72,3,🔼 HIGH,-13.5,377.7,114.8,492.5,0.74,1,❌ NO,-9.2,0.53,0.62,1.07,1.95,3,-0.13,8.0,1.714,1.682,1.393,1.308,400000.0,1.618,4,12.0,🟡 WATCHLIST,Komplettflügel
Daniel Barát,Slovácko,CZE 1,CZE - First League,20,U21,,,407,30.37,31.2,🟠 MEDIUM,1,0.92,804.3,378.4,1182.7,2.25,4,🔼 HIGH,14.7,377.7,155.1,532.7,0.98,3,✅ YES,-9.2,0.66,0.73,1.34,1.99,1,0.0,11.0,0.068,-0.064,-0.509,-0.457,,-0.142,1,12.0,🟡 WATCHLIST,Keins dominant
Arnau Ortiz,Śląsk Wrocław,POL 2,POL - I liga,25,24+,Right,175.0,281,31.05,31.05,🔵 HIGH,3,1.6,644.1,296.9,941.0,2.1,2,➡ MEDIUM,-145.5,267.0,79.5,346.4,0.42,0,❌ NO,-120.0,0.8,,1.5,2.25,0,0.14,8.0,1.515,1.802,0.95,0.974,400000.0,1.517,4,12.0,🟡 WATCHLIST,Läufer + Dribbler
Andraž Ruedl,Koper,SVN,SVN - 1. SNL,22,U23,Right,184.0,568,28.78,29.86,—,0,-0.67,904.4,319.1,1223.5,1.36,4,🔼 HIGH,114.8,464.5,141.5,606.0,0.0,3,✅ YES,77.6,0.69,0.74,1.57,1.88,1,0.03,9.0,-0.071,-0.282,2.869,0.487,200000.0,0.558,3,12.0,🟡 WATCHLIST,Box-Threat
Denis Holub,Chrudim,CZE 2,CZE - FNL,22,U23,,,514,29.52,29.72,🟠 MEDIUM,1,0.07,791.8,339.4,1131.2,0.89,3,🔼 HIGH,2.2,386.5,135.6,522.1,0.69,3,✅ YES,-0.4,0.66,0.86,1.42,2.13,1,0.0,10.0,0.378,0.197,0.271,-0.021,,0.261,2,12.0,🟡 WATCHLIST,Keins dominant
Branislav Spáčil,Górnik Łęczna,POL 2,POL - I liga,23,U23,,,1264,31.23,32.9,🔵 HIGH,3,1.78,720.1,375.2,1095.3,1.11,2,➡ MEDIUM,-69.5,323.3,114.1,437.4,0.0,0,❌ NO,-63.6,0.64,0.73,1.37,1.89,2,-0.02,9.0,0.261,0.933,0.732,0.194,200000.0,0.715,3,12.0,🟡 WATCHLIST,Keins dominant
Szymon Mida,Odra Opole,POL 2,POL - I liga,21,U21,,176.0,433,29.83,30.22,🟠 MEDIUM,1,0.38,890.5,298.4,1188.9,1.29,3,🔼 HIGH,100.9,412.0,113.5,525.5,0.22,2,✅ YES,25.1,0.78,0.9,1.39,2.16,0,0.12,8.0,1.943,2.126,0.284,1.003,,1.62,4,12.0,🟡 WATCHLIST,Läufer + Dribbler
Jakub Vlček,Vysočina Jihlava,CZE 2,CZE - FNL,23,U23,,181.0,368,29.66,30.46,🟠 MEDIUM,1,0.21,893.2,303.9,1197.1,0.96,3,🔼 HIGH,103.6,421.1,131.3,552.4,0.63,4,✅ YES,34.2,0.66,0.66,1.66,2.19,2,0.0,12.0,-1.021,-0.94,-1.473,-1.448,,-1.094,0,12.0,🟡 WATCHLIST,Keins dominant
Brian Oddei,Koper,SVN,SVN - 1. SNL,24,24+,Left,175.0,618,30.1,30.4,🟠 MEDIUM,1,0.65,777.0,294.3,1071.3,1.31,1,🔽 LOW,-12.6,468.4,150.7,619.0,0.0,3,✅ YES,81.5,0.6,0.66,1.22,2.12,3,-0.06,9.0,0.864,1.28,0.436,0.508,225000.0,0.965,3,12.0,🟡 WATCHLIST,Dribbler
Szymon Bartlewicz,Chrobry Głogów,POL 2,POL - I liga,21,U21,Both,180.0,355,29.65,29.7,🟠 MEDIUM,1,0.2,836.9,360.2,1197.1,2.39,4,🔼 HIGH,47.3,383.2,120.3,503.5,1.11,3,✅ YES,-3.7,0.59,0.7,1.08,2.23,3,-0.07,12.0,-1.013,-0.467,-1.498,-1.441,450000.0,-0.862,0,12.0,🟡 WATCHLIST,Keins dominant
Emmanuel François,Puszcza Niepołomice,POL 2,POL - I liga,26,24+,Right,181.0,292,29.05,29.05,—,0,-0.4,925.0,346.5,1271.5,4.15,4,🔼 HIGH,135.4,434.1,147.2,581.3,1.75,4,✅ YES,47.2,0.78,0.85,1.32,2.39,0,0.12,10.0,-0.061,1.562,-1.531,-0.458,,0.383,2,12.0,🟡 WATCHLIST,Dribbler
Damir Redzic,DAC,SVK,SVK - Niké Liga,23,U23,Left,179.0,1253,30.36,31.4,🟠 MEDIUM,1,0.91,720.2,347.5,1067.7,2.05,2,➡ MEDIUM,-69.4,356.0,125.0,481.0,0.82,2,✅ YES,-30.9,0.63,0.63,1.15,1.85,4,-0.03,9.0,1.62,1.327,0.853,0.781,300000.0,1.282,3,12.0,🟡 WATCHLIST,Läufer + Dribbler
Wiktor Długosz,Korona Kielce,POL 1,POL - Ekstraklasa,26,24+,Right,183.0,662,30.46,30.98,🟠 MEDIUM,1,1.01,807.5,322.9,1130.4,2.31,4,🔼 HIGH,17.9,440.1,113.1,553.2,0.35,2,✅ YES,53.2,0.64,0.64,1.36,1.89,3,-0.02,10.5,-0.139,-0.825,0.032,-0.504,200000.0,-0.44,1,11.5,🟡 WATCHLIST,Keins dominant
Tomáš Hák,Táborsko,CZE 2,CZE - FNL,23,U23,,,186,30.37,30.37,🟠 MEDIUM,1,0.92,860.3,398.3,1258.6,1.77,4,🔼 HIGH,70.7,404.7,137.1,541.8,0.0,3,✅ YES,17.8,0.85,0.86,1.64,2.17,0,0.19,10.5,0.479,-0.556,0.191,-0.265,25000.0,-0.111,1,11.5,🟡 WATCHLIST,Keins dominant
Petr Juliš,Slovan Liberec,CZE 1,CZE - First League,23,U23,Right,188.0,387,29.79,30.88,🟠 MEDIUM,1,0.34,946.0,334.6,1280.6,2.27,4,🔼 HIGH,156.4,505.2,141.2,646.4,0.34,3,✅ YES,118.3,0.7,0.73,1.43,2.3,0,0.04,10.5,-0.184,-0.45,-0.711,-0.737,400000.0,-0.449,1,11.5,🟡 WATCHLIST,Keins dominant
Dawid Tkacz,Górnik Łęczna,POL 2,POL - I liga,21,U21,Left,181.0,489,28.6,28.82,—,0,-0.85,928.3,295.5,1223.8,1.7,4,🔼 HIGH,138.7,600.6,123.4,724.1,0.97,4,✅ YES,213.8,0.64,0.86,1.43,2.14,1,-0.02,10.5,0.207,-0.788,0.179,-0.582,350000.0,-0.298,1,11.5,🟡 WATCHLIST,Keins dominant
Bogdan Viunnyk,Lechia Gdańsk,POL 1,POL - Ekstraklasa,24,24+,Both,185.0,266,30.0,30.0,🟠 MEDIUM,1,0.55,1089.0,419.2,1508.2,1.86,4,🔼 HIGH,299.4,536.1,157.1,693.2,0.0,3,✅ YES,149.2,0.77,,,2.34,0,0.11,10.5,0.297,-0.795,0.941,-0.046,600000.0,-0.088,1,11.5,🟡 WATCHLIST,Keins dominant
John Auta,Teplice,CZE 1,CZE - First League,20,U21,Left,,945,29.31,30.66,—,0,-0.14,827.4,313.7,1141.1,1.44,4,🔼 HIGH,37.8,388.5,143.2,531.6,0.56,4,✅ YES,1.6,0.66,0.69,1.33,1.83,3,0.0,11.5,-0.002,-0.688,-0.996,-0.85,,-0.593,0,11.5,🟡 WATCHLIST,Keins dominant
Dario Kreiker,Dukla Praha,CZE 1,CZE - First League,23,U23,Left,185.0,395,29.62,29.82,🟠 MEDIUM,1,0.17,985.0,366.5,1351.4,1.55,4,🔼 HIGH,195.4,504.5,132.7,637.1,0.0,3,✅ YES,117.6,0.68,0.72,1.55,2.21,0,0.02,10.5,-0.213,-0.139,-0.29,-0.502,250000.0,-0.195,1,11.5,🟡 WATCHLIST,Keins dominant
Roman Zálešák,Opava,CZE 2,CZE - FNL,25,24+,Right,179.0,659,30.4,30.9,🟠 MEDIUM,1,0.95,1038.9,442.2,1481.1,1.78,4,🔼 HIGH,249.3,482.2,158.2,640.3,0.37,3,✅ YES,95.3,0.71,0.71,1.73,2.03,0,0.05,10.5,-0.91,0.433,-0.1,-0.496,200000.0,-0.036,1,11.5,🟡 WATCHLIST,Keins dominant
Bassirou N'Diaye,Koper,SVN,SVN - 1. SNL,24,24+,Right,181.0,231,29.13,29.13,—,0,-0.32,1053.1,414.6,1467.8,3.19,4,🔼 HIGH,263.5,448.1,128.1,576.2,2.2,4,✅ YES,61.2,0.68,0.68,1.88,,1,0.02,10.5,-0.379,-1.171,1.945,-0.22,,-0.194,1,11.5,🟡 WATCHLIST,Box-Threat
Petr Hodouš,Slovan Liberec,CZE 1,CZE - First League,23,U23,Right,,1066,28.79,29.96,—,0,-0.66,1141.4,382.5,1523.9,1.85,4,🔼 HIGH,351.8,569.6,167.1,736.7,0.48,4,✅ YES,182.8,0.64,0.65,1.41,1.9,3,-0.02,11.5,-1.759,-1.612,-1.268,-1.835,175000.0,-1.563,0,11.5,🟡 WATCHLIST,Keins dominant
Stefan Škrbo,Spartak Trnava,SVK,SVK - Niké Liga,25,24+,Right,176.0,1084,30.67,32.6,🟡 FAST,2,1.22,824.7,369.0,1193.7,1.58,4,🔼 HIGH,35.1,357.1,139.5,496.7,0.39,1,❌ NO,-29.8,0.71,0.75,1.39,2.01,0,0.05,9.5,0.052,0.702,-0.68,-0.461,200000.0,0.194,2,11.5,🟡 WATCHLIST,Keins dominant
Michael Hönig,Viktoria Žižkov,CZE 2,CZE - FNL,26,24+,Right,169.0,269,29.33,29.33,—,0,-0.12,844.7,296.0,1140.7,3.5,4,🔼 HIGH,55.1,552.2,139.2,691.4,2.12,4,✅ YES,165.3,0.7,,1.55,2.08,0,0.04,10.0,-0.747,-0.069,-0.434,-0.72,,-0.33,1,11.0,🟡 WATCHLIST,Keins dominant
Stanislav Petruta,Zlín,CZE 1,CZE - First League,21,U21,,,597,28.54,29.2,—,0,-0.91,1206.0,377.7,1583.8,1.73,4,🔼 HIGH,416.4,537.2,169.6,706.8,0.89,4,✅ YES,150.3,0.73,0.77,1.46,2.16,0,0.07,10.0,-0.111,-0.679,0.209,-0.482,,-0.315,1,11.0,🟡 WATCHLIST,Keins dominant
Nick Perc,Domžale,SVN,SVN - 1. SNL,23,U23,Right,180.0,296,31.52,31.52,🔵 HIGH,3,2.07,724.6,351.9,1076.5,1.77,2,➡ MEDIUM,-65.0,316.7,90.9,407.6,0.7,1,❌ NO,-70.2,0.67,0.89,1.3,2.13,1,0.01,10.0,2.11,-0.789,-0.672,-0.135,200000.0,-0.035,1,11.0,🟡 WATCHLIST,Tiefenläufer
Marko Matanović,Várda SE,HUN,HUN - Nemzeti Bajnokság,26,24+,Right,189.0,981,29.46,30.86,🟠 MEDIUM,1,0.01,771.4,281.4,1052.8,1.29,0,🔽 LOW,-18.1,392.1,152.2,544.4,0.8,4,✅ YES,5.2,0.69,0.73,1.35,2.02,0,0.03,8.0,0.078,2.04,-0.456,0.159,250000.0,0.925,3,11.0,🟡 WATCHLIST,Dribbler
Ousmane Sow,Górnik Zabrze,POL 1,POL - Ekstraklasa,26,24+,Right,,1202,30.12,31.86,🟠 MEDIUM,1,0.67,561.4,239.3,800.7,1.65,1,🔽 LOW,-228.2,221.0,75.4,296.3,0.54,1,❌ NO,-165.9,0.64,0.64,1.2,1.92,4,-0.02,6.5,1.717,1.893,1.947,1.659,150000.0,1.863,4,10.5,🟡 WATCHLIST,Komplettflügel
Bence Babós,Diósgyőr,HUN,HUN - Nemzeti Bajnokság,22,U23,,,1294,29.78,31.08,🟠 MEDIUM,1,0.33,850.9,397.3,1248.1,2.13,4,🔼 HIGH,61.3,346.2,127.0,473.2,0.54,2,✅ YES,-40.7,0.61,0.74,1.21,1.93,3,-0.05,10.5,-0.612,-0.848,-0.185,-0.944,125000.0,-0.624,0,10.5,🟡 WATCHLIST,Keins dominant
Stjepan Davidović,Korona Kielce,POL 1,POL - Ekstraklasa,21,U21,Left,186.0,919,28.48,29.14,—,0,-0.97,887.5,303.1,1190.6,2.14,4,🔼 HIGH,97.9,380.8,91.5,472.3,0.47,1,❌ NO,-6.1,0.62,0.65,1.26,1.84,4,-0.04,7.5,0.771,1.193,1.286,0.89,100000.0,1.111,3,10.5,🟡 WATCHLIST,Dribbler + Box
Jakub Dufek,Vlašim,CZE 2,CZE - FNL,20,U21,,177.0,393,29.34,29.34,—,0,-0.11,906.3,349.3,1255.6,1.07,3,🔼 HIGH,116.7,468.7,150.0,618.7,0.0,3,✅ YES,81.8,0.57,0.57,1.37,2.12,2,-0.09,8.5,0.06,0.872,-1.687,-0.555,,0.029,2,10.5,🟡 WATCHLIST,Keins dominant
Marián Pišoja,Zlín,CZE 1,CZE - First League,26,24+,Right,184.0,1147,28.66,30.02,—,0,-0.79,1104.2,390.9,1495.1,1.52,4,🔼 HIGH,314.6,522.3,185.7,707.9,0.54,4,✅ YES,135.4,0.67,0.71,1.47,1.92,1,0.01,10.5,-1.6,-1.406,-1.679,-1.85,250000.0,-1.523,0,10.5,🟡 WATCHLIST,Keins dominant
Nikodem Niski,Korona Kielce,POL 1,POL - Ekstraklasa,24,24+,Right,178.0,209,29.88,29.88,🟠 MEDIUM,1,0.43,849.7,338.6,1188.3,1.17,3,🔼 HIGH,60.1,440.5,172.2,612.7,0.0,3,✅ YES,53.6,0.81,,,2.22,0,0.15,9.5,0.874,-0.251,-0.82,-0.259,50000.0,-0.112,1,10.5,🟡 WATCHLIST,Keins dominant
Dominik Vott,Příbram,CZE 2,CZE - FNL,24,24+,,180.0,751,29.17,30.34,—,0,-0.28,904.0,314.4,1218.4,0.96,3,🔼 HIGH,114.4,399.5,121.7,521.1,0.37,3,✅ YES,12.6,0.66,0.75,1.33,1.88,2,0.0,8.5,-1.005,1.239,-0.419,-0.365,,0.264,2,10.5,🟡 WATCHLIST,Dribbler
Ahmad Ghali,Sigma Olomouc,CZE 1,CZE - First League,26,24+,Right,170.0,988,29.17,30.72,—,0,-0.28,1132.8,398.4,1531.1,2.74,4,🔼 HIGH,343.2,473.8,114.6,588.4,0.91,3,✅ YES,87.0,0.68,0.7,1.33,1.9,2,0.02,9.5,-0.692,-0.041,-0.593,-0.73,850000.0,-0.342,1,10.5,🟡 WATCHLIST,Keins dominant
Timotej Kudlička,Spartak Trnava,SVK,SVK - Niké Liga,23,U23,Right,,937,28.93,30.18,—,0,-0.52,891.5,299.8,1191.3,1.42,4,🔼 HIGH,101.9,415.9,95.2,511.2,0.28,2,✅ YES,29.0,0.66,0.67,1.36,1.9,3,0.0,8.5,1.267,-1.02,1.447,0.079,,0.168,2,10.5,🟡 WATCHLIST,Tiefenläufer + Box
Fryderyk Janaszek,Górnik Łęczna,POL 2,POL - I liga,22,U23,,,737,29.44,30.9,—,0,-0.01,883.3,298.4,1181.7,1.44,4,🔼 HIGH,93.7,447.6,105.2,552.8,0.8,3,✅ YES,60.7,0.63,0.64,1.55,2.05,2,-0.03,9.5,0.785,-0.953,0.558,-0.318,125000.0,-0.141,1,10.5,🟡 WATCHLIST,Keins dominant
Olaf Korczakowski,Puszcza Niepołomice,POL 2,POL - I liga,23,U23,,177.0,882,28.98,30.4,—,0,-0.47,876.9,284.6,1161.5,1.48,3,🔼 HIGH,87.3,412.4,111.0,523.4,0.48,3,✅ YES,25.6,0.68,0.74,1.38,1.88,1,0.02,8.0,0.106,0.18,0.769,-0.096,150000.0,0.309,2,10.0,🟡 WATCHLIST,Keins dominant
Maciej Kuziemka,Wisła Kraków,POL 2,POL - I liga,20,U21,Right,176.0,1583,28.67,30.64,—,0,-0.78,989.4,260.3,1249.7,1.62,3,🔼 HIGH,199.8,532.6,99.7,632.3,0.25,2,✅ YES,145.7,0.65,0.65,1.21,1.69,4,-0.01,8.0,0.736,0.59,-0.147,-0.055,,0.442,2,10.0,🟡 WATCHLIST,Keins dominant
Kamil Lukoszek,Górnik Zabrze,POL 1,POL - Ekstraklasa,24,24+,Left,177.0,455,28.76,29.5,—,0,-0.69,945.6,378.5,1324.1,2.21,4,🔼 HIGH,156.0,544.5,213.1,757.6,0.52,4,✅ YES,157.6,0.77,0.8,1.49,2.07,0,0.11,10.0,0.163,-1.007,-0.375,-0.599,400000.0,-0.556,0,10.0,🟡 WATCHLIST,Keins dominant
Antoñín Cortés,Korona Kielce,POL 1,POL - Ekstraklasa,26,24+,Right,182.0,287,29.75,29.75,🟠 MEDIUM,1,0.3,644.1,273.1,917.1,2.07,1,🔽 LOW,-145.5,317.6,137.4,455.0,1.35,2,✅ YES,-69.3,0.74,0.8,1.58,1.99,0,0.08,6.0,1.165,3.065,0.532,1.394,300000.0,1.957,4,10.0,🟡 WATCHLIST,Läufer + Dribbler
Dawid Kocyła,Arka Gdynia,POL 1,POL - Ekstraklasa,24,24+,Right,180.0,580,29.2,29.94,—,0,-0.25,1068.5,371.8,1440.3,1.51,4,🔼 HIGH,278.9,651.0,209.8,860.9,0.63,4,✅ YES,264.1,0.7,0.73,1.39,1.98,0,0.04,10.0,-0.822,-0.154,-1.098,-0.885,250000.0,-0.557,0,10.0,🟡 WATCHLIST,Keins dominant
Bienvenue Kanakimana,Zbrojovka Brno,CZE 2,CZE - FNL,27,24+,Right,176.0,318,30.72,31.06,🟡 FAST,2,1.27,878.4,438.6,1317.0,2.17,4,🔼 HIGH,88.8,372.3,98.2,470.6,0.33,0,❌ NO,-14.6,0.69,0.73,1.35,2.2,0,0.03,8.0,2.754,-1.143,1.252,0.651,300000.0,0.43,2,10.0,🟡 WATCHLIST,Tiefenläufer + Box
Taofeek Ismaheel,Lech Poznań,POL 1,POL - Ekstraklasa,26,24+,Right,170.0,702,29.21,30.86,—,0,-0.24,811.1,309.5,1120.6,2.21,4,🔼 HIGH,21.5,387.5,103.5,491.0,0.84,2,✅ YES,0.6,0.69,0.77,1.31,1.91,2,0.03,8.0,0.637,0.224,-0.084,0.066,600000.0,0.25,2,10.0,🟡 WATCHLIST,Keins dominant
Martin Šubert,Mladá Boleslav,CZE 1,CZE - First League,24,24+,Right,179.0,385,29.43,30.08,—,0,-0.02,850.1,420.7,1270.7,1.87,4,🔼 HIGH,60.5,553.9,243.6,797.5,1.52,4,✅ YES,167.0,0.74,,1.46,2.04,0,0.08,10.0,-1.092,-1.329,-1.694,-1.66,250000.0,-1.361,0,10.0,🟡 WATCHLIST,Keins dominant
Sunday Jude,České Budějovice,CZE 2,CZE - FNL,22,U23,Right,174.0,581,30.01,30.68,🟠 MEDIUM,1,0.56,779.0,356.1,1135.0,3.01,3,🔼 HIGH,-10.6,285.6,78.8,364.4,0.58,1,❌ NO,-101.3,0.6,0.6,1.24,1.97,3,-0.06,8.0,0.57,0.287,-1.02,-0.358,350000.0,0.031,2,10.0,🟡 WATCHLIST,Keins dominant
Mateusz Ozimek,Chrobry Głogów,POL 2,POL - I liga,26,24+,Right,179.0,1393,29.26,30.98,—,0,-0.19,899.3,320.1,1219.4,1.52,4,🔼 HIGH,109.7,465.2,104.4,569.6,0.26,2,✅ YES,78.3,0.61,0.65,1.31,1.87,4,-0.05,9.0,0.244,-0.522,-0.204,-0.609,200000.0,-0.251,1,10.0,🟡 WATCHLIST,Keins dominant
Jakub Palan,Komárno,SVK,SVK - Niké Liga,20,U21,,,322,29.46,29.46,🟠 MEDIUM,1,0.01,833.4,310.9,1144.3,0.35,3,🔼 HIGH,43.8,394.6,124.4,519.0,0.33,3,✅ YES,7.7,0.7,0.9,,1.94,0,0.04,9.5,-1.514,-1.449,-1.736,-2.052,,-1.537,0,9.5,🔴 RISIKO,Keins dominant
Filip Špatenka,Slovan Liberec,CZE 1,CZE - First League,22,U23,Right,,378,29.41,30.06,—,0,-0.04,1252.9,452.1,1705.0,1.34,4,🔼 HIGH,463.3,656.9,197.6,854.5,0.34,3,✅ YES,270.0,0.61,0.65,1.35,1.96,2,-0.05,9.5,-0.138,-1.038,-1.256,-1.099,225000.0,-0.867,0,9.5,🔴 RISIKO,Keins dominant
Márk Mucsányi,Diósgyőr,HUN,HUN - Nemzeti Bajnokság,25,24+,Right,184.0,347,28.87,29.24,—,0,-0.58,953.2,290.2,1243.4,2.86,4,🔼 HIGH,163.6,369.8,159.5,529.3,0.98,3,✅ YES,-17.0,0.7,0.8,1.39,2.1,0,0.04,8.5,-0.799,-0.083,-0.879,-0.982,100000.0,-0.461,1,9.5,🔴 RISIKO,Keins dominant
Csanad Denes,Zalaegerszegi TE,HUN,HUN - Nemzeti Bajnokság,22,U23,Right,181.0,309,30.23,30.23,🟠 MEDIUM,1,0.78,832.8,378.7,1211.4,1.12,3,🔼 HIGH,43.2,246.7,78.5,325.2,0.79,1,❌ NO,-140.2,0.85,,,2.33,0,0.19,6.5,1.501,0.398,1.257,0.657,,0.888,3,9.5,🔴 RISIKO,Tiefenläufer + Box
Patrik Dulay,Slovan Liberec,CZE 1,CZE - First League,21,U21,,185.0,516,29.83,30.72,🟠 MEDIUM,1,0.38,1320.4,528.8,1849.2,1.22,3,🔼 HIGH,530.8,613.9,189.3,803.2,0.24,3,✅ YES,227.0,0.7,0.71,1.66,1.96,0,0.04,9.5,0.54,-1.284,0.011,-0.532,,-0.504,0,9.5,🔴 RISIKO,Keins dominant
Gleofilo Vlijter,Újpest,HUN,HUN - Nemzeti Bajnokság,27,24+,Left,176.0,264,29.8,29.8,🟠 MEDIUM,1,0.35,788.8,336.9,1125.7,1.37,3,🔼 HIGH,-0.8,341.1,146.8,487.9,0.0,1,❌ NO,-45.8,0.72,0.72,1.46,2.32,0,0.06,6.5,1.545,0.953,-0.772,0.18,200000.0,0.67,3,9.5,🔴 RISIKO,Tiefenläufer
Roman Mokrovics,Sparta Praha II,CZE 2,CZE - FNL,20,U21,,,528,29.01,29.56,—,0,-0.44,787.4,259.6,1047.1,2.04,1,🔽 LOW,-2.2,447.9,138.8,586.7,1.06,4,✅ YES,61.0,0.59,0.7,1.29,1.96,3,-0.07,8.5,0.781,-0.126,-0.639,-0.298,450000.0,-0.028,1,9.5,🔴 RISIKO,Keins dominant
Nfansu Njie,Győri ETO,HUN,HUN - Nemzeti Bajnokság,21,U21,,,701,29.09,30.0,—,0,-0.36,927.0,310.4,1237.4,1.06,3,🔼 HIGH,137.4,509.6,186.5,696.1,0.42,3,✅ YES,122.7,0.67,0.74,1.37,2.05,0,0.01,7.5,0.724,-0.774,1.611,0.125,,0.197,2,9.5,🔴 RISIKO,Box-Threat
Petr Jaroň,Baník Ostrava II,CZE 2,CZE - FNL,25,24+,Right,178.0,852,30.07,30.66,🟠 MEDIUM,1,0.62,840.4,349.7,1190.2,1.48,4,🔼 HIGH,50.9,381.5,131.4,512.9,0.37,2,✅ YES,-5.4,0.71,0.67,1.36,1.97,1,0.05,9.5,-0.22,-1.11,-0.249,-0.83,,-0.672,0,9.5,🔴 RISIKO,Keins dominant
Kevin Banati,Győri ETO,HUN,HUN - Nemzeti Bajnokság,21,U21,Right,,1423,28.42,30.02,—,0,-1.03,812.8,245.1,1058.0,1.18,1,🔽 LOW,23.2,461.3,129.9,591.2,0.69,4,✅ YES,74.4,0.6,0.6,1.26,1.82,4,-0.06,9.0,-1.25,-0.776,-0.313,-1.175,,-0.779,0,9.0,🔴 RISIKO,Keins dominant
Mads Agger,Pogoń Szczecin,POL 1,POL - Ekstraklasa,27,24+,Left,181.0,314,28.98,28.98,—,0,-0.47,993.4,411.8,1405.1,2.51,4,🔼 HIGH,203.8,402.7,148.4,551.1,0.36,3,✅ YES,15.8,0.69,0.78,1.24,2.0,1,0.03,9.0,-0.896,-0.681,-1.1,-1.086,550000.0,-0.839,0,9.0,🔴 RISIKO,Keins dominant
Michal Černák,Dukla Praha,CZE 1,CZE - First League,23,U23,Right,174.0,489,28.45,28.82,—,0,-1.0,1042.9,300.0,1342.8,1.27,3,🔼 HIGH,253.3,572.6,142.1,714.7,0.46,4,✅ YES,185.8,0.77,0.86,1.46,2.08,0,0.11,9.0,-0.719,-0.431,-1.159,-1.058,400000.0,-0.685,0,9.0,🔴 RISIKO,Keins dominant
Samuel Pikolon,Slavia Praha II,CZE 2,CZE - FNL,20,U21,,181.0,764,29.75,30.46,🟠 MEDIUM,1,0.3,802.1,366.6,1168.6,1.22,3,🔼 HIGH,12.5,336.0,146.5,482.4,0.17,1,❌ NO,-50.9,0.62,0.67,1.33,1.9,3,-0.04,8.0,0.029,-0.919,1.581,-0.073,400000.0,-0.057,1,9.0,🔴 RISIKO,Box-Threat
Oliwier Kwiatkowski,Polonia Bytom,POL 2,POL - I liga,21,U21,,,860,27.09,28.44,—,0,-2.36,1043.4,194.4,1237.8,0.39,2,➡ MEDIUM,253.8,705.3,128.8,834.1,0.4,3,✅ YES,318.4,0.67,0.69,1.46,1.98,1,0.01,7.0,-0.701,0.391,0.403,-0.417,,0.121,2,9.0,🔴 RISIKO,Keins dominant
Martin Bačík,Ružomberok,SVK,SVK - Niké Liga,19,U21,Right,,406,29.14,29.92,—,0,-0.31,836.1,277.6,1113.6,0.56,2,➡ MEDIUM,46.5,494.2,159.6,653.8,0.49,4,✅ YES,107.3,0.76,0.76,1.46,2.14,0,0.1,8.0,0.399,-0.671,-0.004,-0.578,,-0.237,1,9.0,🔴 RISIKO,Keins dominant
Michal Vrána,Příbram,CZE 2,CZE - FNL,27,24+,Right,177.0,781,30.57,31.78,🟡 FAST,2,1.12,833.0,383.4,1216.4,1.15,3,🔼 HIGH,43.4,323.4,128.6,452.0,0.13,1,❌ NO,-63.5,0.68,0.7,1.35,1.96,1,0.02,9.0,-0.728,-1.184,-0.934,-1.252,,-1.008,0,9.0,🔴 RISIKO,Keins dominant
Ousmane Condé,Karviná,CZE 1,CZE - First League,22,U23,,,293,30.36,30.36,🟠 MEDIUM,1,0.91,852.4,460.4,1312.8,3.3,4,🔼 HIGH,62.8,335.8,170.7,506.4,0.43,2,✅ YES,-51.1,0.68,,1.44,2.23,0,0.02,9.0,-0.851,-0.982,-1.504,-1.401,,-1.08,0,9.0,🔴 RISIKO,Keins dominant
Ammar Ramadan,DAC,SVK,SVK - Niké Liga,25,24+,Left,174.0,1965,29.33,31.66,—,0,-0.12,662.1,254.0,916.1,1.79,1,🔽 LOW,-127.5,332.0,141.2,473.2,0.55,2,✅ YES,-54.8,0.59,0.66,1.24,1.75,4,-0.07,6.0,0.224,1.583,1.373,0.574,450000.0,1.19,3,9.0,🔴 RISIKO,Dribbler + Box
Antoni Klimek,Śląsk Wrocław,POL 2,POL - I liga,24,24+,Left,172.0,304,29.0,29.32,—,0,-0.45,990.3,312.4,1302.7,0.79,3,🔼 HIGH,200.7,478.5,80.7,559.2,0.0,2,✅ YES,91.6,0.78,0.89,,2.1,0,0.12,6.0,0.74,1.592,0.895,0.628,650000.0,1.205,3,9.0,🔴 RISIKO,Dribbler
Jesus Diaz,Zagłębie Lubin,POL 1,POL - Ekstraklasa,27,24+,,,354,28.67,29.18,—,0,-0.78,802.2,255.7,1057.9,0.7,1,🔽 LOW,12.6,409.5,105.1,514.6,0.62,3,✅ YES,22.6,0.76,,,2.24,0,0.1,5.5,0.307,1.05,1.074,0.617,,0.87,3,8.5,🔴 RISIKO,Dribbler + Box
Igor Strzałek,Nieciecza,POL 1,POL - Ekstraklasa,22,U23,Right,183.0,700,27.98,29.52,—,0,-1.47,945.1,209.0,1154.2,1.34,3,🔼 HIGH,155.5,515.3,144.9,660.2,0.32,3,✅ YES,128.4,0.67,0.68,1.14,1.98,2,0.01,8.5,-1.829,-0.534,-1.762,-1.568,700000.0,-1.164,0,8.5,🔴 RISIKO,Keins dominant
Szymon Lyczko,Stal Rzeszów,POL 2,POL - I liga,20,U21,Right,178.0,1943,30.01,31.7,🟠 MEDIUM,1,0.56,736.1,320.4,1056.6,1.53,2,➡ MEDIUM,-53.5,319.7,105.0,424.7,0.74,1,❌ NO,-67.2,0.56,0.66,1.24,1.89,4,-0.1,7.5,0.227,-0.225,-0.221,-0.521,450000.0,-0.111,1,8.5,🔴 RISIKO,Keins dominant
Kamil Cybulski,Stal Mielec,POL 2,POL - I liga,21,U21,,174.0,713,30.12,30.62,🟠 MEDIUM,1,0.67,704.8,320.1,1024.9,2.36,2,➡ MEDIUM,-84.8,283.3,74.2,357.5,0.44,0,❌ NO,-103.6,0.63,0.64,1.22,2.06,3,-0.03,5.5,2.88,0.666,1.166,1.123,400000.0,1.344,3,8.5,🔴 RISIKO,Tiefenläufer + Box
Jakub Kadák,Dukla Praha,CZE 1,CZE - First League,26,24+,Right,177.0,292,27.8,27.8,—,0,-1.65,946.4,296.3,1242.7,1.32,4,🔼 HIGH,156.8,491.3,158.8,650.1,0.0,3,✅ YES,104.4,0.78,1.01,1.51,2.12,0,0.12,8.5,-2.261,-0.904,-1.629,-1.886,900000.0,-1.425,0,8.5,🔴 RISIKO,Keins dominant
Dennis Owusu,Baník Ostrava,CZE 1,CZE - First League,25,24+,Both,173.0,383,30.41,31.02,🟠 MEDIUM,1,0.96,775.1,363.4,1138.5,3.17,3,🔼 HIGH,-14.5,281.3,89.8,371.1,0.66,1,❌ NO,-105.6,0.64,0.67,1.32,2.0,2,-0.02,7.5,-0.391,0.596,-1.08,-0.58,50000.0,-0.07,1,8.5,🔴 RISIKO,Keins dominant
Zalán Kerezsi,MTK,HUN,HUN - Nemzeti Bajnokság,23,U23,Left,178.0,923,29.95,31.06,🟠 MEDIUM,1,0.5,718.8,369.8,1088.6,1.86,3,🔼 HIGH,-70.8,257.5,77.6,335.2,0.32,0,❌ NO,-129.4,0.66,0.68,1.29,1.95,3,0.0,6.5,0.414,-0.287,0.689,-0.123,400000.0,0.132,2,8.5,🔴 RISIKO,Keins dominant
Daniel Smékal,Pardubice,CZE 1,CZE - First League,25,24+,Right,193.0,303,30.56,30.56,🟡 FAST,2,1.11,757.3,389.4,1146.7,2.88,3,🔼 HIGH,-32.3,272.2,72.2,344.4,0.95,1,❌ NO,-114.7,0.71,,1.48,2.37,0,0.05,8.5,-0.498,-2.471,0.638,-1.065,300000.0,-1.2,0,8.5,🔴 RISIKO,Keins dominant
Yvan Ikia Dimi,Górnik Zabrze,POL 1,POL - Ekstraklasa,22,U23,,,371,28.9,29.0,—,0,-0.55,867.0,269.2,1136.1,1.19,2,➡ MEDIUM,77.4,430.1,112.5,542.6,0.0,2,✅ YES,43.2,0.69,0.72,1.31,2.07,1,0.03,5.5,-0.193,1.138,1.033,0.466,200000.0,0.779,3,8.5,🔴 RISIKO,Dribbler + Box
Kacper Masiak,Stal Rzeszów,POL 2,POL - I liga,21,U21,Right,,507,30.04,31.96,🟠 MEDIUM,1,0.59,765.7,336.2,1101.9,0.7,2,➡ MEDIUM,-23.9,343.5,96.0,439.5,0.72,1,❌ NO,-43.4,0.67,0.88,1.46,1.97,0,0.01,5.5,-0.198,0.668,0.899,0.008,,0.509,3,8.5,🔴 RISIKO,Keins dominant
Pau Sans,Cracovia Kraków,POL 1,POL - Ekstraklasa,22,U23,Right,177.0,705,30.56,31.66,🟡 FAST,2,1.11,745.2,311.0,1056.2,1.62,2,➡ MEDIUM,-44.4,334.8,108.6,443.5,0.0,0,❌ NO,-52.0,0.65,0.66,1.29,1.95,3,-0.01,7.5,0.308,-0.475,0.417,-0.11,,-0.056,1,8.5,🔴 RISIKO,Keins dominant
Abdoul Tapsoba,Radomiak Radom,POL 1,POL - Ekstraklasa,25,24+,Right,177.0,463,30.03,30.58,🟠 MEDIUM,1,0.58,735.5,280.4,1015.9,2.57,1,🔽 LOW,-54.1,375.8,139.7,515.5,1.14,3,✅ YES,-11.1,0.74,0.78,1.44,2.07,0,0.08,7.5,-1.668,-0.164,0.295,-0.705,500000.0,-0.425,1,8.5,🔴 RISIKO,Keins dominant
Albert Labík,Karviná,CZE 1,CZE - First League,22,U23,Left,178.0,230,28.3,28.3,—,0,-1.15,953.5,400.7,1354.2,0.52,3,🔼 HIGH,163.9,518.0,154.5,672.5,0.0,3,✅ YES,131.1,,,,2.42,0,,7.5,-0.847,-0.601,0.1,-0.738,700000.0,-0.487,1,8.5,🔴 RISIKO,Keins dominant
Radek Ovesny,Hanácká,CZE 2,CZE - FNL,22,U23,,,382,30.2,31.12,🟠 MEDIUM,1,0.75,823.1,273.4,1096.6,1.85,3,🔼 HIGH,33.5,415.6,98.6,514.2,0.33,2,✅ YES,28.7,0.76,0.76,1.59,2.04,0,0.1,8.0,-0.821,-1.566,-0.548,-1.281,,-1.125,0,8.0,🔴 RISIKO,Keins dominant
Ajdin Hasić,Cracovia Kraków,POL 1,POL - Ekstraklasa,25,24+,Left,177.0,1360,27.57,28.54,—,0,-1.88,881.5,214.0,1095.5,0.84,2,➡ MEDIUM,91.9,459.0,90.7,549.8,0.49,3,✅ YES,72.1,0.72,0.74,1.43,1.81,1,0.06,7.0,-0.684,0.073,-0.54,-0.577,800000.0,-0.269,1,8.0,🔴 RISIKO,Keins dominant
Paul Mukairu,Pogoń Szczecin,POL 1,POL - Ekstraklasa,26,24+,Right,182.0,1179,29.19,31.12,—,0,-0.26,808.3,299.5,1107.8,1.57,4,🔼 HIGH,18.7,384.4,100.0,484.4,0.51,1,❌ NO,-2.5,0.65,0.68,1.26,2.01,3,-0.01,7.0,0.771,-1.082,0.155,-0.245,700000.0,-0.309,1,8.0,🔴 RISIKO,Keins dominant
Nikodem Zielonka,Pogoń Siedlce,POL 2,POL - I liga,22,U23,,184.0,371,28.53,29.08,—,0,-0.92,1037.2,290.0,1327.3,0.97,3,🔼 HIGH,247.6,491.1,112.5,603.6,0.0,2,✅ YES,104.2,0.79,0.84,1.62,1.97,0,0.13,6.0,-0.425,0.585,-0.473,-0.553,150000.0,0.068,2,8.0,🔴 RISIKO,Keins dominant
Marcell Major,Kazincbarcika,HUN,HUN - Nemzeti Bajnokság,21,U21,Left,,369,27.2,27.2,—,0,-2.25,838.3,193.8,1032.1,1.65,2,➡ MEDIUM,48.7,454.7,123.8,578.5,1.15,4,✅ YES,67.8,0.81,1.0,1.68,2.37,0,0.15,8.0,-2.283,-1.872,-0.642,-1.994,150000.0,-1.667,0,8.0,🔴 RISIKO,Keins dominant
Denis Kaulfus,Chrudim,CZE 2,CZE - FNL,22,U23,,,457,29.58,29.58,🟠 MEDIUM,1,0.13,809.8,295.4,1105.2,0.99,3,🔼 HIGH,20.2,386.2,137.5,523.7,0.24,2,✅ YES,-0.7,0.77,0.88,1.74,2.05,0,0.11,8.0,-1.455,-1.362,-0.107,-1.278,,-1.071,0,8.0,🔴 RISIKO,Keins dominant
Behar Feta,Aluminij,SVN,SVN - 1. SNL,23,U23,Right,169.0,1343,29.51,31.24,🟠 MEDIUM,1,0.06,776.2,288.0,1064.2,1.87,2,➡ MEDIUM,-13.4,354.4,116.3,470.8,0.93,1,❌ NO,-32.5,0.61,0.69,1.14,1.96,3,-0.05,7.0,0.004,-0.176,0.02,-0.402,150000.0,-0.082,1,8.0,🔴 RISIKO,Keins dominant
Hugo Ahl,Zemplín Michalovce,SVK,SVK - Niké Liga,25,24+,,,1186,28.6,29.86,—,0,-0.85,908.6,250.8,1159.5,0.95,2,➡ MEDIUM,119.0,419.5,104.6,524.1,0.29,2,✅ YES,32.6,0.66,0.72,1.34,1.85,2,0.0,6.0,-0.169,0.293,0.459,-0.291,,0.219,2,8.0,🔴 RISIKO,Keins dominant
Maciej Famulak,Pogoń Siedlce,POL 2,POL - I liga,27,24+,Both,184.0,2236,28.31,29.98,—,0,-1.14,890.5,254.6,1145.1,0.89,2,➡ MEDIUM,100.9,421.3,90.9,512.2,0.37,2,✅ YES,34.4,0.62,0.66,1.2,1.77,4,-0.04,7.0,-0.124,0.379,-0.756,-0.615,100000.0,-0.03,1,8.0,🔴 RISIKO,Keins dominant
Tobiasz Kubik,Tychy 71,POL 2,POL - I liga,23,U23,,173.0,417,28.73,29.0,—,0,-0.72,1034.0,248.5,1282.5,0.82,2,➡ MEDIUM,244.4,657.1,155.9,813.1,0.54,4,✅ YES,270.2,0.74,0.8,1.86,2.19,0,0.08,8.0,-0.795,-0.459,-1.384,-1.328,25000.0,-0.775,0,8.0,🔴 RISIKO,Keins dominant
Daniel Kosek,Artis Brno,CZE 2,CZE - FNL,25,24+,Left,181.0,251,29.47,29.47,🟠 MEDIUM,1,0.02,1025.5,317.3,1342.8,0.42,3,🔼 HIGH,235.9,438.2,96.5,534.7,0.0,2,✅ YES,51.4,,0.99,,2.27,0,,8.0,-1.075,-1.045,0.459,-0.857,150000.0,-0.677,0,8.0,🔴 RISIKO,Keins dominant
Zviad Natchkebia,Zlín,CZE 1,CZE - First League,27,24+,Right,170.0,322,27.12,27.12,—,0,-2.33,942.4,229.1,1171.5,0.38,2,➡ MEDIUM,152.8,548.0,117.2,665.2,0.0,2,✅ YES,161.1,0.81,0.81,,2.02,0,0.15,5.0,0.655,1.184,-0.252,0.241,225000.0,0.693,3,8.0,🔴 RISIKO,Dribbler
Denny Samko,Karviná,CZE 1,CZE - First League,26,24+,Right,172.0,337,28.8,29.02,—,0,-0.65,763.8,296.9,1060.8,1.47,2,➡ MEDIUM,-25.8,413.6,201.4,615.1,0.93,4,✅ YES,26.7,0.77,0.97,,2.1,0,0.11,8.0,-1.294,-0.008,-1.015,-1.06,350000.0,-0.581,0,8.0,🔴 RISIKO,Keins dominant
Tio Cipot,Maribor,SVN,SVN - 1. SNL,23,U23,Right,176.0,684,29.31,30.32,—,0,-0.14,834.5,263.5,1098.0,1.41,3,🔼 HIGH,44.9,472.9,115.0,587.9,0.43,2,✅ YES,86.0,0.64,0.77,1.38,1.8,2,-0.02,7.0,-0.523,0.085,-0.592,-0.695,600000.0,-0.236,1,8.0,🔴 RISIKO,Keins dominant
David Jurčenko,Chrudim,CZE 2,CZE - FNL,22,U23,Right,181.0,226,28.07,28.07,—,0,-1.38,1098.3,339.0,1437.3,0.51,3,🔼 HIGH,308.7,428.6,134.2,562.8,0.0,3,✅ YES,41.7,,,,2.06,0,,7.5,-0.657,-1.267,0.087,-0.915,,-0.776,0,7.5,🔴 RISIKO,Keins dominant
Milán Pető,Diósgyőr,HUN,HUN - Nemzeti Bajnokság,21,U21,Right,175.0,805,29.79,31.28,🟠 MEDIUM,1,0.34,841.5,339.4,1180.9,1.22,3,🔼 HIGH,51.9,346.6,115.3,461.9,0.28,0,❌ NO,-40.3,0.69,0.74,1.45,1.92,1,0.03,5.5,-0.335,0.457,-0.169,-0.411,150000.0,0.102,2,7.5,🔴 RISIKO,Keins dominant
Pavel Juroška,Slovácko,CZE 1,CZE - First League,25,24+,Right,172.0,415,30.06,31.16,🟠 MEDIUM,1,0.61,764.4,345.7,1110.1,3.28,3,🔼 HIGH,-25.2,293.7,113.0,406.7,0.89,1,❌ NO,-93.2,0.71,0.85,1.33,2.17,0,0.05,6.5,-0.241,-0.939,0.706,-0.446,750000.0,-0.353,1,7.5,🔴 RISIKO,Keins dominant
Ivijan Svržnjak,Aluminij,SVN,SVN - 1. SNL,25,24+,Right,180.0,416,29.18,29.18,—,0,-0.27,874.0,284.7,1158.6,1.66,3,🔼 HIGH,84.4,378.7,87.6,466.3,0.25,0,❌ NO,-8.2,0.64,0.64,1.35,1.83,3,-0.02,4.5,1.214,-0.14,1.335,0.451,150000.0,0.567,3,7.5,🔴 RISIKO,Tiefenläufer + Box
Michal Ševčík,Mladá Boleslav,CZE 1,CZE - First League,24,24+,Left,182.0,1111,27.99,29.14,—,0,-1.46,870.9,207.6,1078.5,0.63,1,🔽 LOW,81.3,486.6,113.8,600.3,0.45,3,✅ YES,99.7,0.56,0.64,1.41,1.95,2,-0.1,6.5,-1.06,-0.258,0.511,-0.557,900000.0,-0.266,1,7.5,🔴 RISIKO,Keins dominant
Kajetan Szmyt,Zagłębie Lubin,POL 1,POL - Ekstraklasa,24,24+,Right,171.0,511,29.3,30.3,—,0,-0.15,771.0,328.1,1099.1,1.84,3,🔼 HIGH,-18.6,370.7,98.8,469.5,0.81,1,❌ NO,-16.2,0.69,0.76,1.51,2.25,0,0.03,4.5,0.567,1.133,-0.285,0.278,450000.0,0.637,3,7.5,🔴 RISIKO,Dribbler
Matúš Kmet,DAC,SVK,SVK - Niké Liga,26,24+,Right,173.0,410,29.04,29.04,—,0,-0.41,940.5,275.2,1215.7,1.59,3,🔼 HIGH,150.9,487.1,146.5,633.6,0.28,3,✅ YES,100.2,0.73,0.77,1.4,2.1,0,0.07,7.5,-0.547,-0.327,-0.979,-1.103,1000000.0,-0.545,0,7.5,🔴 RISIKO,Keins dominant
Sulaiman Mulumba,Příbram,CZE 2,CZE - FNL,20,U21,,,338,29.34,29.34,—,0,-0.11,977.3,331.8,1309.2,0.34,3,🔼 HIGH,187.7,490.2,113.9,604.1,0.35,2,✅ YES,103.3,0.72,,,2.09,0,0.06,6.0,-1.015,0.59,-0.694,-0.676,,-0.132,1,7.0,🔴 RISIKO,Keins dominant
David Moucka,Hanácká,CZE 2,CZE - FNL,27,24+,Left,180.0,264,27.73,27.73,—,0,-1.72,940.7,245.1,1185.8,0.43,2,➡ MEDIUM,151.1,463.7,109.3,573.0,0.0,2,✅ YES,76.8,0.84,0.8,,2.13,0,0.18,5.0,0.241,-0.086,0.563,-0.064,,0.158,2,7.0,🔴 RISIKO,Keins dominant
Fryderyk Gerbowski,Stal Mielec,POL 2,POL - I liga,23,U23,Right,181.0,500,27.72,28.98,—,0,-1.73,794.9,192.4,987.3,1.39,2,➡ MEDIUM,5.3,392.0,69.5,461.5,0.74,2,✅ YES,5.1,0.69,0.79,1.46,2.09,0,0.03,5.0,-0.35,0.442,0.09,-0.387,300000.0,0.156,2,7.0,🔴 RISIKO,Keins dominant
Tomas Franek,Vysočina Jihlava,CZE 2,CZE - FNL,24,24+,,188.0,225,29.67,29.67,🟠 MEDIUM,1,0.22,1014.1,282.6,1296.6,1.05,2,➡ MEDIUM,224.5,539.4,113.0,652.4,0.0,2,✅ YES,152.5,0.73,0.79,,2.21,0,0.07,7.0,-1.941,-0.861,-1.841,-1.851,225000.0,-1.376,0,7.0,🔴 RISIKO,Keins dominant
Jakov Pranjic,Celje,SVN,SVN - 1. SNL,25,24+,,,248,28.48,28.48,—,0,-0.97,917.7,217.2,1134.9,0.91,2,➡ MEDIUM,128.1,519.7,94.0,613.8,0.64,3,✅ YES,132.8,0.71,0.71,,2.2,0,0.05,6.5,-0.712,-1.128,-0.663,-1.186,,-0.908,0,6.5,🔴 RISIKO,Keins dominant
Marko Brest,Olimpija,SVN,SVN - 1. SNL,24,24+,Right,173.0,1111,28.45,30.02,—,0,-1.0,689.4,189.8,879.1,1.72,1,🔽 LOW,-100.2,333.1,77.2,410.2,0.64,1,❌ NO,-53.8,0.67,0.73,1.29,1.91,2,0.01,3.5,0.428,1.031,0.268,0.224,300000.0,0.689,3,6.5,🔴 RISIKO,Dribbler
Oskar Leśniak,Piast Gliwice,POL 1,POL - Ekstraklasa,22,U23,Left,176.0,489,27.54,28.14,—,0,-1.91,1217.1,258.7,1475.8,0.87,2,➡ MEDIUM,427.5,707.0,153.0,860.1,0.0,3,✅ YES,320.2,0.7,0.71,1.67,1.95,0,0.04,6.5,-0.744,0.055,-1.371,-0.88,100000.0,-0.501,0,6.5,🔴 RISIKO,Keins dominant
Roland Galčík,Podbrezová,SVK,SVK - Niké Liga,25,24+,Left,173.0,1013,29.59,30.9,🟠 MEDIUM,1,0.14,748.2,247.9,996.1,1.56,1,🔽 LOW,-41.4,353.4,94.6,448.0,0.21,0,❌ NO,-33.5,0.6,0.66,1.25,1.98,3,-0.06,4.5,-0.08,0.273,0.44,-0.275,400000.0,0.226,2,6.5,🔴 RISIKO,Keins dominant
Ronald Schuszter,Kazincbarcika,HUN,HUN - Nemzeti Bajnokság,24,24+,,,458,26.67,26.98,—,0,-2.78,1159.8,236.8,1396.6,1.29,2,➡ MEDIUM,370.2,569.0,112.0,680.9,0.79,3,✅ YES,182.1,0.75,0.89,2.08,2.01,0,0.09,6.5,-1.595,-2.446,-0.455,-1.894,,-1.735,0,6.5,🔴 RISIKO,Keins dominant
João Victor,Zalaegerszegi TE,HUN,HUN - Nemzeti Bajnokság,22,U23,Right,172.0,412,30.15,30.68,🟠 MEDIUM,1,0.7,770.2,354.4,1124.6,1.29,2,➡ MEDIUM,-19.4,323.6,96.4,420.1,0.51,1,❌ NO,-63.3,0.65,0.73,1.23,1.97,2,-0.01,6.5,-1.18,-2.23,-1.448,-2.014,150000.0,-1.772,0,6.5,🔴 RISIKO,Keins dominant
Samuel Ďatko,Žilina,SVK,SVK - Niké Liga,25,24+,Right,177.0,675,28.33,29.76,—,0,-1.12,932.4,251.1,1183.5,0.48,2,➡ MEDIUM,142.8,438.1,78.8,516.9,0.0,2,✅ YES,51.2,0.73,0.8,1.84,1.97,0,0.07,5.0,-0.217,-0.153,0.402,-0.475,400000.0,-0.031,1,6.0,🔴 RISIKO,Keins dominant
Vojtěch Patrák,Pardubice,CZE 1,CZE - First League,26,24+,Right,181.0,665,29.44,30.42,—,0,-0.01,757.3,340.6,1097.9,1.68,3,🔼 HIGH,-32.3,363.8,150.7,514.4,0.17,2,✅ YES,-23.1,0.67,0.82,1.37,2.12,0,0.01,6.0,-1.396,-0.103,-1.02,-1.128,350000.0,-0.656,0,6.0,🔴 RISIKO,Keins dominant
Vladimir Zeman,Bohemians 1905,CZE 1,CZE - First League,26,24+,,,458,29.57,30.04,🟠 MEDIUM,1,0.12,802.5,263.4,1065.9,0.76,1,🔽 LOW,12.9,295.2,96.9,392.1,0.0,0,❌ NO,-91.8,0.74,0.76,1.51,1.99,0,0.08,3.0,0.749,0.167,1.422,0.491,200000.0,0.626,3,6.0,🔴 RISIKO,Box-Threat
Matej Malenšek,Radomlje,SVN,SVN - 1. SNL,21,U21,Right,,488,29.53,30.02,🟠 MEDIUM,1,0.08,733.2,291.6,1024.8,1.1,1,🔽 LOW,-56.5,279.7,49.1,328.8,0.23,0,❌ NO,-107.2,0.67,0.74,1.44,1.94,0,0.01,3.0,0.962,-0.327,2.082,0.554,,0.598,3,6.0,🔴 RISIKO,Box-Threat
Niko Kasalo,Mura,SVN,SVN - 1. SNL,21,U21,Left,175.0,579,28.13,29.56,—,0,-1.32,844.2,252.0,1096.2,1.2,2,➡ MEDIUM,54.6,398.5,111.6,510.2,0.0,2,✅ YES,11.6,0.72,0.75,1.4,2.1,0,0.06,5.0,-0.749,-0.789,0.368,-0.742,150000.0,-0.49,1,6.0,🔴 RISIKO,Keins dominant
Flórián Cibla,Debrecen,HUN,HUN - Nemzeti Bajnokság,21,U21,Right,,540,28.39,28.88,—,0,-1.06,851.4,232.4,1083.8,0.64,1,🔽 LOW,61.8,460.4,111.2,571.5,0.22,2,✅ YES,73.5,0.81,0.95,,2.12,0,0.15,4.0,0.167,0.42,0.446,-0.051,,0.363,2,6.0,🔴 RISIKO,Keins dominant
Alen Skribek,Zalaegerszegi TE,HUN,HUN - Nemzeti Bajnokság,25,24+,Right,174.0,1966,29.36,30.44,—,0,-0.09,787.0,335.5,1122.6,1.6,3,🔼 HIGH,-2.6,301.2,85.7,387.0,0.49,1,❌ NO,-85.7,0.65,0.65,1.3,1.96,3,-0.01,6.0,-0.722,-0.644,-0.48,-1.011,,-0.623,0,6.0,🔴 RISIKO,Keins dominant
Nejc Ajhmajer,Mura,SVN,SVN - 1. SNL,23,U23,Right,183.0,728,29.43,30.92,—,0,-0.02,714.6,325.1,1039.7,1.85,2,➡ MEDIUM,-75.0,321.4,123.2,444.6,0.57,2,✅ YES,-65.5,0.62,0.75,1.22,2.09,2,-0.04,6.0,-0.291,-1.427,-0.767,-1.18,300000.0,-0.978,0,6.0,🔴 RISIKO,Keins dominant
Milot Avdyli,Celje,SVN,SVN - 1. SNL,24,24+,,,803,28.35,29.62,—,0,-1.1,599.5,192.9,792.4,1.44,1,🔽 LOW,-190.1,337.0,101.0,437.9,0.46,1,❌ NO,-49.9,0.63,0.69,1.49,1.88,3,-0.03,4.0,0.686,0.665,-0.279,0.006,250000.0,0.434,2,6.0,🔴 RISIKO,Keins dominant
Franck Idumbo-Muzambo,Ústí nad Labem,CZE 2,CZE - FNL,24,24+,,,200,29.48,29.48,🟠 MEDIUM,1,0.03,736.6,259.3,995.8,2.51,1,🔽 LOW,-53.0,353.0,109.9,463.0,1.66,1,❌ NO,-33.9,0.68,0.87,1.61,2.12,0,0.02,4.5,-0.845,0.293,-1.476,-0.979,,-0.434,1,5.5,🔴 RISIKO,Keins dominant
Jakoslav Stanković,AŠK Bravo,SVN,SVN - 1. SNL,25,24+,Right,175.0,1849,28.48,30.22,—,0,-0.97,807.0,232.9,1040.0,1.23,1,🔽 LOW,17.4,290.7,57.4,348.1,0.29,0,❌ NO,-96.2,0.59,0.59,1.36,1.86,3,-0.07,2.5,0.747,0.809,0.899,0.467,500000.0,0.816,3,5.5,🔴 RISIKO,Keins dominant
Viktor Djukanović,DAC,SVK,SVK - Niké Liga,22,U23,Right,184.0,354,27.85,27.85,—,0,-1.6,726.1,177.8,904.0,1.54,1,🔽 LOW,-63.5,350.9,81.0,431.9,1.15,1,❌ NO,-36.0,0.72,0.86,1.65,2.25,0,0.06,2.5,0.679,1.643,1.765,0.876,,1.432,3,5.5,🔴 RISIKO,Dribbler + Box
Luka Kušić,Radomlje,SVN,SVN - 1. SNL,18,U21,,,638,28.16,29.08,—,0,-1.29,845.1,216.6,1061.6,0.52,1,🔽 LOW,55.5,486.4,122.5,608.8,0.0,3,✅ YES,99.5,0.77,0.86,1.67,2.02,0,0.11,5.5,-1.752,-1.415,-0.73,-1.65,,-1.328,0,5.5,🔴 RISIKO,Keins dominant
Marián Chobot,Ružomberok,SVK,SVK - Niké Liga,27,24+,Left,178.0,301,28.44,28.44,—,0,-1.01,886.0,226.1,1112.1,0.8,2,➡ MEDIUM,96.4,403.7,90.9,494.7,0.35,1,❌ NO,16.8,0.75,0.79,1.55,2.27,0,0.09,3.5,-0.008,1.208,-0.511,-0.256,150000.0,0.474,2,5.5,🔴 RISIKO,Dribbler
Vid Koderman,Aluminij,SVN,SVN - 1. SNL,23,U23,Left,177.0,688,29.49,30.7,🟠 MEDIUM,1,0.04,687.1,269.3,956.4,1.39,1,🔽 LOW,-102.5,365.2,102.9,468.1,0.68,1,❌ NO,-21.7,0.66,0.66,1.32,2.02,2,0.0,5.5,-0.883,-0.324,-1.049,-1.104,100000.0,-0.645,0,5.5,🔴 RISIKO,Keins dominant
Djordje Gordić,Debrecen,HUN,HUN - Nemzeti Bajnokság,22,U23,Right,188.0,1111,27.38,28.78,—,0,-2.07,902.0,173.4,1075.4,0.31,1,🔽 LOW,112.4,480.7,108.0,588.7,0.11,2,✅ YES,93.8,0.74,0.79,1.93,1.87,1,0.08,4.5,0.201,-0.928,-0.25,-0.721,400000.0,-0.476,1,5.5,🔴 RISIKO,Keins dominant
Martin Šlogar,Kazincbarcika,HUN,HUN - Nemzeti Bajnokság,26,24+,Right,176.0,1018,28.62,29.56,—,0,-0.83,750.7,241.0,991.7,3.01,1,🔽 LOW,-38.9,344.2,88.2,432.4,0.99,1,❌ NO,-42.7,0.6,0.63,1.26,2.07,3,-0.06,4.0,0.345,-1.214,0.152,-0.634,250000.0,-0.483,1,5.0,🔴 RISIKO,Keins dominant
Lamine Diaby-Fadiga,Raków Częstochowa,POL 1,POL - Ekstraklasa,25,24+,Left,188.0,934,28.46,30.68,—,0,-0.99,817.7,264.0,1081.7,0.77,1,🔽 LOW,28.1,508.0,112.0,620.0,0.27,2,✅ YES,121.1,0.7,0.81,1.45,1.95,0,0.04,4.0,-0.496,-0.296,1.009,-0.121,600000.0,-0.02,1,5.0,🔴 RISIKO,Box-Threat
Adam Kronus,Zbrojovka Brno,CZE 2,CZE - FNL,24,24+,,180.0,362,28.07,28.54,—,0,-1.38,889.0,267.4,1156.4,0.0,2,➡ MEDIUM,99.4,498.4,113.6,612.0,0.0,2,✅ YES,111.5,0.8,0.83,,2.14,0,0.14,5.0,-0.585,-0.885,-0.114,-0.831,175000.0,-0.617,0,5.0,🔴 RISIKO,Keins dominant
Tomáš Jedlička,Příbram,CZE 2,CZE - FNL,23,U23,Right,,384,29.02,29.5,—,0,-0.43,1015.7,274.4,1290.1,0.29,2,➡ MEDIUM,226.1,434.3,66.9,501.2,0.0,2,✅ YES,47.4,0.78,,1.64,2.07,0,0.12,5.0,-0.835,-1.103,-0.194,-1.014,100000.0,-0.809,0,5.0,🔴 RISIKO,Keins dominant
Stanislav Olejník,Tatran Prešov,SVK,SVK - Niké Liga,24,24+,Right,178.0,434,30.35,30.6,🟠 MEDIUM,1,0.9,711.0,296.9,1007.9,1.32,2,➡ MEDIUM,-78.6,318.0,78.0,396.0,0.25,0,❌ NO,-68.9,0.67,0.81,1.42,2.03,0,0.01,4.0,-1.19,-0.171,-0.427,-1.082,100000.0,-0.49,1,5.0,🔴 RISIKO,Keins dominant
Bálint Katona,Nyíregyháza Spartacus,HUN,HUN - Nemzeti Bajnokság,24,24+,Right,178.0,461,27.35,27.86,—,0,-2.1,854.5,148.0,1002.6,1.08,1,🔽 LOW,64.9,426.7,81.6,508.2,0.26,2,✅ YES,39.8,0.77,0.9,1.67,2.23,0,0.11,4.0,-1.11,0.118,-0.5,-0.892,450000.0,-0.344,1,5.0,🔴 RISIKO,Keins dominant
Gábor Jurek,Diósgyőr,HUN,HUN - Nemzeti Bajnokság,22,U23,Left,183.0,332,28.8,29.0,—,0,-0.65,827.3,275.5,1102.8,1.39,3,🔼 HIGH,37.7,346.4,77.3,423.8,0.34,0,❌ NO,-40.5,0.83,0.86,1.64,2.15,0,0.17,3.0,-0.18,0.851,0.061,-0.151,300000.0,0.396,2,5.0,🔴 RISIKO,Keins dominant
Tomáš Jedlička,Příbram,CZE 1,CZE - First League,23,U23,Right,,443,28.16,29.0,—,0,-1.29,1046.3,264.8,1311.1,1.11,2,➡ MEDIUM,256.7,452.9,89.2,542.0,0.24,2,✅ YES,66.0,0.7,0.72,1.47,2.0,0,0.04,5.0,-0.835,-1.103,-0.194,-1.014,100000.0,-0.809,0,5.0,🔴 RISIKO,Keins dominant
Tadeáš Vachoušek,Zbrojovka Brno,CZE 2,CZE - FNL,22,U23,Right,184.0,842,28.82,29.46,—,0,-0.63,855.7,257.4,1113.1,0.9,2,➡ MEDIUM,66.1,342.1,99.8,441.9,0.38,0,❌ NO,-44.8,0.66,0.78,1.36,1.93,2,0.0,3.0,0.505,-0.855,1.248,-0.004,250000.0,0.011,2,5.0,🔴 RISIKO,Box-Threat
Tibor Jager,Prostějov,CZE 2,CZE - FNL,23,U23,Left,,242,28.96,28.96,—,0,-0.49,963.5,421.1,1384.6,0.0,3,🔼 HIGH,173.9,365.9,134.7,500.6,0.0,1,❌ NO,-21.0,0.66,,,2.27,1,0.0,5.0,-0.411,-1.129,-1.804,-1.418,,-1.118,0,5.0,🔴 RISIKO,Keins dominant
György Komáromi,Debrecen,HUN,HUN - Nemzeti Bajnokság,24,24+,Left,177.0,327,30.52,30.52,🟡 FAST,2,1.07,735.6,280.6,1016.3,1.08,0,🔽 LOW,-54.0,277.7,84.4,362.0,0.34,0,❌ NO,-109.2,0.78,0.8,1.66,2.41,0,0.12,4.0,-0.757,0.103,0.139,-0.567,400000.0,-0.103,1,5.0,🔴 RISIKO,Keins dominant
Jiri Hrubes,Vlašim,CZE 2,CZE - FNL,25,24+,,183.0,163,27.1,27.1,—,0,-2.35,894.4,204.1,1098.5,1.25,2,➡ MEDIUM,104.8,425.6,75.0,500.7,0.54,2,✅ YES,38.7,0.68,,,2.29,0,0.02,5.0,-1.458,-0.223,-1.207,-1.266,150000.0,-0.778,0,5.0,🔴 RISIKO,Keins dominant
David Planka,Baník Ostrava,CZE 1,CZE - First League,21,U21,Right,173.0,728,28.52,29.44,—,0,-0.93,720.0,192.8,912.8,0.52,0,🔽 LOW,-69.6,415.2,108.2,523.4,0.58,3,✅ YES,28.3,0.7,0.85,2.04,1.93,1,0.04,5.0,-1.212,-0.322,-1.7,-1.366,600000.0,-0.889,0,5.0,🔴 RISIKO,Keins dominant
Nikola Jojić,Radomlje,SVN,SVN - 1. SNL,23,U23,Left,183.0,1225,29.18,30.56,—,0,-0.27,650.7,294.5,945.2,0.98,1,🔽 LOW,-138.9,295.5,117.2,412.7,0.36,0,❌ NO,-91.4,0.59,0.64,1.44,1.9,3,-0.07,2.5,-0.539,-0.021,0.811,-0.268,1000000.0,0.058,2,4.5,🔴 RISIKO,Keins dominant
Daniel Rus,Sparta Praha II,CZE 2,CZE - FNL,20,U21,Right,,356,28.9,28.9,—,0,-0.55,699.7,190.8,890.5,0.64,0,🔽 LOW,-89.9,437.4,98.3,535.8,0.71,3,✅ YES,50.6,0.73,0.8,,2.2,0,0.07,4.5,-1.188,-0.681,-1.722,-1.5,500000.0,-1.068,0,4.5,🔴 RISIKO,Keins dominant
Tom Slončík,Hradec Králové,CZE 1,CZE - First League,22,U23,Right,175.0,908,27.9,29.18,—,0,-1.55,928.2,197.4,1125.7,0.61,2,➡ MEDIUM,138.6,334.2,58.1,392.2,0.0,0,❌ NO,-52.7,0.84,0.85,1.73,1.89,1,0.18,2.5,0.105,-0.134,0.955,0.021,650000.0,0.198,2,4.5,🔴 RISIKO,Keins dominant
Robi Saarma,Pardubice,CZE 1,CZE - First League,25,24+,Right,184.0,391,28.43,28.58,—,0,-1.02,786.0,320.4,1106.4,1.18,2,➡ MEDIUM,-3.6,360.2,128.1,488.3,0.25,1,❌ NO,-26.7,0.73,0.77,1.61,2.16,0,0.07,3.5,-1.003,0.417,-1.828,-1.093,450000.0,-0.499,1,4.5,🔴 RISIKO,Keins dominant
Kelvin Ofori,Slovan Bratislava,SVK,SVK - Niké Liga,25,24+,Left,172.0,496,27.93,28.58,—,0,-1.52,558.3,183.5,741.8,1.5,1,🔽 LOW,-231.3,220.5,64.9,285.4,0.61,1,❌ NO,-166.4,0.67,0.72,1.28,2.03,1,0.01,3.0,-1.041,0.568,-0.965,-0.965,600000.0,-0.218,1,4.0,🔴 RISIKO,Keins dominant
Marek Havran,Baník Ostrava,CZE 1,CZE - First League,20,U21,,,504,28.57,29.4,—,0,-0.88,794.3,258.6,1052.9,0.66,1,🔽 LOW,4.7,355.1,96.5,451.6,0.23,0,❌ NO,-31.8,0.69,0.76,1.87,2.1,0,0.03,1.0,1.34,1.177,0.1,0.584,,0.949,3,4.0,🔴 RISIKO,Läufer + Dribbler
Krystian Wachowiak,Stal Rzeszów,POL 2,POL - I liga,25,24+,Left,175.0,1639,29.14,31.18,—,0,-0.31,750.2,255.1,1005.4,0.89,0,🔽 LOW,-39.4,327.4,90.5,417.9,0.2,0,❌ NO,-59.5,0.6,0.62,1.22,1.8,4,-0.06,2.0,0.158,-0.124,0.344,-0.322,250000.0,0.064,2,4.0,🔴 RISIKO,Keins dominant
Lukas Fila,Ružomberok,SVK,SVK - Niké Liga,22,U23,Right,182.0,371,27.76,27.76,—,0,-1.69,806.9,248.9,1055.8,0.31,1,🔽 LOW,17.3,428.8,110.0,538.8,0.27,2,✅ YES,41.9,0.76,0.88,,2.17,0,0.1,4.0,-1.485,-2.517,-0.335,-1.931,,-1.713,0,4.0,🔴 RISIKO,Keins dominant
Rajmund Molnár,MTK,HUN,HUN - Nemzeti Bajnokság,24,24+,Right,186.0,376,29.66,29.66,🟠 MEDIUM,1,0.21,730.6,274.3,1004.9,0.57,0,🔽 LOW,-59.0,335.8,110.5,446.3,0.0,0,❌ NO,-51.1,0.67,0.75,1.45,2.07,0,0.01,2.0,1.165,-0.907,1.885,0.319,300000.0,0.309,2,4.0,🔴 RISIKO,Tiefenläufer + Box
Matěj Koubek,Zlín,CZE 1,CZE - First League,26,24+,Right,187.0,326,28.87,29.2,—,0,-0.58,979.1,342.4,1321.5,2.5,4,🔼 HIGH,189.5,381.8,108.8,490.5,0.41,0,❌ NO,-5.1,0.7,0.85,1.41,2.26,0,0.04,4.0,-1.666,-1.079,1.037,-0.858,250000.0,-0.697,0,4.0,🔴 RISIKO,Box-Threat
Abdoulaye Conte,Příbram,CZE 2,CZE - FNL,21,U21,,,356,29.52,30.0,🟠 MEDIUM,1,0.07,732.5,221.5,954.0,1.21,0,🔽 LOW,-57.1,255.1,73.8,328.9,0.0,0,❌ NO,-131.8,0.7,0.75,1.68,2.04,0,0.04,2.0,0.558,0.436,-0.004,0.027,,0.357,2,4.0,🔴 RISIKO,Keins dominant
Dominik Gembicky,Viktoria Žižkov,CZE 2,CZE - FNL,27,24+,Right,180.0,315,29.48,29.94,🟠 MEDIUM,1,0.03,723.7,283.0,1006.8,0.67,0,🔽 LOW,-65.9,303.6,94.0,397.6,0.37,0,❌ NO,-83.3,0.78,0.85,1.75,2.16,0,0.12,2.0,0.768,-0.117,0.431,0.057,,0.241,2,4.0,🔴 RISIKO,Keins dominant
Matej Mikulenka,Sigma Olomouc,CZE 1,CZE - First League,22,U23,,,373,27.54,28.06,—,0,-1.91,988.9,243.6,1232.5,0.0,2,➡ MEDIUM,199.3,425.7,73.8,499.5,0.0,1,❌ NO,38.8,0.79,,,1.99,0,0.13,3.5,-1.241,-0.768,-1.314,-1.396,325000.0,-1.022,0,3.5,🔴 RISIKO,Keins dominant
Kamil Orlik,Górnik Łęczna,POL 2,POL - I liga,27,24+,Right,175.0,1492,29.18,30.72,—,0,-0.27,815.4,257.2,1072.6,0.63,1,🔽 LOW,25.8,380.1,91.1,471.2,0.23,0,❌ NO,-6.8,0.59,0.64,1.53,1.86,3,-0.07,2.5,0.011,-0.193,-0.573,-0.7,150000.0,-0.237,1,3.5,🔴 RISIKO,Keins dominant
Roman Čerepkai,FC Košice,SVK,SVK - Niké Liga,24,24+,Right,190.0,652,29.01,29.56,—,0,-0.44,666.5,236.3,902.7,1.3,0,🔽 LOW,-123.1,285.3,54.3,339.6,0.43,0,❌ NO,-101.6,0.65,0.75,1.36,2.04,1,-0.01,0.5,1.52,-0.101,1.162,0.374,200000.0,0.62,3,3.5,🔴 RISIKO,Tiefenläufer + Box
Soma Szuhodovszki,Debrecen,HUN,HUN - Nemzeti Bajnokság,27,24+,Left,182.0,310,27.78,27.78,—,0,-1.67,751.6,183.5,935.1,2.3,1,🔽 LOW,-38.0,299.4,65.6,365.0,1.11,1,❌ NO,-87.5,0.8,0.81,1.62,2.15,0,0.14,2.5,0.405,-0.011,-1.069,-0.62,600000.0,-0.172,1,3.5,🔴 RISIKO,Keins dominant
Roshaun Mathurin,Trenčín,SVK,SVK - Niké Liga,22,U23,Right,,564,29.07,30.44,—,0,-0.38,634.9,220.3,855.2,2.01,1,🔽 LOW,-154.7,321.6,92.2,413.8,0.44,0,❌ NO,-65.3,0.79,0.92,1.52,1.99,0,0.13,1.0,-0.747,1.319,-1.335,-0.74,,0.139,2,3.0,🔴 RISIKO,Dribbler
Jaša Martinčič,Radomlje,SVN,SVN - 1. SNL,25,24+,,174.0,920,28.76,30.28,—,0,-0.69,698.3,227.1,925.4,0.6,0,🔽 LOW,-91.3,276.2,50.7,326.8,0.12,0,❌ NO,-110.7,0.66,0.67,1.44,2.06,2,0.0,1.0,0.253,-0.534,1.187,-0.05,150000.0,0.093,2,3.0,🔴 RISIKO,Box-Threat
Jakub Zeronik,Táborsko,CZE 2,CZE - FNL,25,24+,,169.0,271,28.24,28.24,—,0,-1.21,919.3,304.5,1223.8,0.79,3,🔼 HIGH,129.7,374.9,118.1,493.0,0.0,0,❌ NO,-12.0,0.81,0.77,,2.09,0,0.15,3.0,0.048,-1.346,-0.104,-0.77,225000.0,-0.687,0,3.0,🔴 RISIKO,Keins dominant
Andy Masaryk,Tatran Prešov,SVK,SVK - Niké Liga,21,U21,Right,,539,29.21,30.04,—,0,-0.24,787.5,246.8,1034.2,0.78,0,🔽 LOW,-2.1,332.8,93.5,426.3,0.37,0,❌ NO,-54.1,0.66,0.66,1.52,1.95,2,0.0,1.0,1.376,-0.173,0.039,-0.072,,0.267,2,3.0,🔴 RISIKO,Tiefenläufer
Josef Kolářík,Mladá Boleslav,CZE 1,CZE - First League,19,U21,Right,,599,27.64,29.0,—,0,-1.81,651.1,153.8,804.9,0.8,0,🔽 LOW,-138.5,322.0,75.3,397.3,0.0,0,❌ NO,-64.8,0.67,0.82,1.37,2.07,0,0.01,0.0,0.537,0.9,0.169,0.247,,0.626,3,3.0,🔴 RISIKO,Keins dominant
Alioune Sylla,DAC,SVK,SVK - Niké Liga,23,U23,,180.0,415,28.0,28.72,—,0,-1.45,806.8,213.0,1019.7,0.58,1,🔽 LOW,17.2,357.8,109.1,466.9,0.0,0,❌ NO,-29.1,0.77,0.78,,2.12,0,0.11,1.0,-0.563,0.443,0.058,-0.507,,0.095,2,3.0,🔴 RISIKO,Keins dominant
Matic Ivanšek,AŠK Bravo,SVN,SVN - 1. SNL,22,U23,Right,,702,28.34,29.3,—,0,-1.11,858.2,266.2,1124.4,0.93,2,➡ MEDIUM,68.6,336.2,77.0,413.3,0.14,0,❌ NO,-50.7,0.75,0.75,1.65,1.96,0,0.09,2.0,-0.479,-0.848,0.728,-0.551,300000.0,-0.362,1,3.0,🔴 RISIKO,Keins dominant
Nemanja Motika,Olimpija,SVN,SVN - 1. SNL,23,U23,Right,179.0,486,28.91,30.34,—,0,-0.54,705.7,259.9,965.6,0.46,0,🔽 LOW,-83.9,353.1,105.6,458.7,0.26,0,❌ NO,-33.8,0.72,,,2.05,0,0.06,0.0,1.354,1.782,0.524,0.868,800000.0,1.36,3,3.0,🔴 RISIKO,Läufer + Dribbler
Adam Čičovský,Chrudim,CZE 2,CZE - FNL,24,24+,Right,170.0,388,28.58,28.58,—,0,-0.87,803.2,229.3,1032.5,0.56,1,🔽 LOW,13.6,368.2,79.8,448.1,0.26,0,❌ NO,-18.6,0.64,0.64,1.32,1.99,2,-0.02,2.0,-0.573,-0.409,0.32,-0.524,,-0.268,1,3.0,🔴 RISIKO,Keins dominant
Divine Ikenna,Radomlje,SVN,SVN - 1. SNL,22,U23,Right,,303,29.68,30.0,🟠 MEDIUM,1,0.23,590.5,274.0,864.5,0.72,0,🔽 LOW,-199.1,257.4,96.6,354.0,0.0,0,❌ NO,-129.5,0.72,,1.41,2.18,0,0.06,2.0,-0.522,-0.276,0.16,-0.564,150000.0,-0.228,1,3.0,🔴 RISIKO,Keins dominant
Luka Khorkheli,Spartak Trnava,SVK,SVK - Niké Liga,26,24+,,,288,28.3,28.3,—,0,-1.15,816.2,191.4,1007.6,0.41,1,🔽 LOW,26.6,404.0,69.4,473.5,0.0,1,❌ NO,17.1,0.73,0.78,,2.09,0,0.07,2.5,-1.528,-0.526,-1.705,-1.739,275000.0,-1.071,0,2.5,🔴 RISIKO,Keins dominant
Ganbold Ganbayar,Komárno,SVK,SVK - Niké Liga,26,24+,Right,179.0,895,28.64,30.0,—,0,-0.81,709.8,250.8,960.6,2.06,1,🔽 LOW,-79.8,328.4,97.3,425.6,0.35,0,❌ NO,-58.5,0.63,0.63,1.31,2.04,3,-0.03,2.5,-1.378,-0.304,-0.233,-1.124,150000.0,-0.555,0,2.5,🔴 RISIKO,Keins dominant
Kelvin Ofori,Slovan Bratislava,SVN,SVN - 1. SNL,25,24+,Left,172.0,293,29.3,29.3,—,0,-0.15,666.9,258.3,925.2,2.31,1,🔽 LOW,-122.7,300.8,97.2,398.0,0.0,0,❌ NO,-86.1,0.71,0.75,1.29,2.32,1,0.05,1.5,-1.041,0.568,-0.965,-0.965,600000.0,-0.218,1,2.5,🔴 RISIKO,Keins dominant
Mateo Aćimović,Olimpija,SVN,SVN - 1. SNL,19,U21,Left,,392,28.13,28.44,—,0,-1.32,776.7,197.7,974.4,1.71,1,🔽 LOW,-12.9,345.2,71.2,416.4,0.3,0,❌ NO,-41.7,0.71,0.75,1.46,1.82,1,0.05,1.5,-1.235,0.605,-0.592,-0.759,,-0.154,1,2.5,🔴 RISIKO,Keins dominant
Cheick Souaré,Viktoria Plzeň,CZE 1,CZE - First League,24,24+,Left,170.0,903,28.44,29.34,—,0,-1.01,718.0,186.0,904.1,1.08,0,🔽 LOW,-71.6,384.1,107.8,491.9,0.5,1,❌ NO,-2.8,0.73,0.79,1.47,2.16,0,0.07,1.5,-0.365,0.128,-0.693,-0.598,,-0.2,1,2.5,🔴 RISIKO,Keins dominant
Elves Baldé,Radomiak Radom,POL 1,POL - Ekstraklasa,27,24+,Right,168.0,644,28.22,29.26,—,0,-1.23,686.6,219.1,905.7,0.19,0,🔽 LOW,-103.0,278.7,73.6,352.3,0.0,0,❌ NO,-108.2,0.77,0.8,,2.19,0,0.11,0.0,-0.422,0.366,-0.025,-0.22,500000.0,0.071,2,2.0,🔴 RISIKO,Keins dominant
Filip Wolski,Stal Rzeszów,POL 2,POL - I liga,20,U21,Right,,542,28.74,29.92,—,0,-0.71,768.2,288.9,1057.1,0.42,1,🔽 LOW,-21.4,334.8,67.7,402.5,0.0,0,❌ NO,-52.1,0.73,0.84,1.38,1.98,0,0.07,1.0,-0.614,-0.674,0.49,-0.714,,-0.368,1,2.0,🔴 RISIKO,Keins dominant
Dominik Hollý,Jablonec,CZE 1,CZE - First League,23,U23,Right,181.0,312,29.22,29.22,—,0,-0.23,660.3,263.8,924.1,1.96,1,🔽 LOW,-129.3,286.0,98.2,384.2,0.37,0,❌ NO,-100.9,0.6,0.79,,2.24,1,-0.06,1.5,-0.464,-2.069,1.902,-0.499,700000.0,-0.675,0,1.5,🔴 RISIKO,Box-Threat
Dino Kojić,Olimpija,SVN,SVN - 1. SNL,21,U21,Right,187.0,745,29.32,31.24,—,0,-0.13,639.0,193.2,832.2,0.61,0,🔽 LOW,-150.6,312.8,71.8,384.6,0.17,0,❌ NO,-74.1,0.69,0.69,1.93,2.06,1,0.03,0.5,-0.9,-0.003,-0.893,-0.95,,-0.45,1,1.5,🔴 RISIKO,Keins dominant
Kacper Chodyna,Legia Warszawa,POL 1,POL - Ekstraklasa,27,24+,Right,176.0,395,28.97,29.78,—,0,-0.48,641.9,263.0,904.9,0.62,0,🔽 LOW,-147.7,317.5,113.6,431.2,0.0,0,❌ NO,-69.4,0.75,0.75,,2.04,0,0.09,0.0,0.275,-0.916,-0.184,-0.469,800000.0,-0.435,1,1.0,🔴 RISIKO,Keins dominant
Piotr Samiec-Talar,Śląsk Wrocław,POL 2,POL - I liga,25,24+,Left,185.0,1114,27.96,29.14,—,0,-1.49,789.4,210.5,1000.0,0.53,0,🔽 LOW,-0.1,336.3,85.3,421.6,0.24,0,❌ NO,-50.6,0.71,0.81,1.69,1.97,0,0.05,0.0,-0.558,-0.541,1.429,-0.338,700000.0,-0.053,1,1.0,🔴 RISIKO,Box-Threat
Petar Petriško,Aluminij,SVN,SVN - 1. SNL,24,24+,Right,179.0,358,26.99,27.68,—,0,-2.46,749.4,173.8,923.2,0.33,0,🔽 LOW,-40.2,328.2,63.4,391.5,0.0,0,❌ NO,-58.7,0.86,0.91,,2.14,0,0.2,0.0,-0.156,-0.302,-0.205,-0.573,150000.0,-0.241,1,1.0,🔴 RISIKO,Keins dominant
Michal Kohút,Baník Ostrava,CZE 1,CZE - First League,26,24+,Left,183.0,341,27.28,27.28,—,0,-2.17,757.6,157.3,915.0,0.0,0,🔽 LOW,-32.0,341.7,56.8,398.5,0.0,0,❌ NO,-45.2,,,,2.21,0,,0.0,-0.685,0.342,-0.164,-0.457,450000.0,-0.041,1,1.0,🔴 RISIKO,Keins dominant
Matěj Náprstek,Teplice,CZE 1,CZE - First League,23,U23,Left,184.0,428,27.99,29.0,—,0,-1.46,820.2,213.3,1033.4,0.29,1,🔽 LOW,30.6,380.9,90.0,470.9,0.25,0,❌ NO,-6.0,0.76,0.88,,2.03,0,0.1,1.0,-2.483,-0.423,-2.679,-2.15,275000.0,-1.502,0,1.0,🔴 RISIKO,Keins dominant
Bence Kiss,Zalaegerszegi TE,HUN,HUN - Nemzeti Bajnokság,27,24+,Right,177.0,1704,27.59,28.84,—,0,-1.86,666.9,156.4,823.3,0.57,0,🔽 LOW,-122.7,309.6,63.8,373.4,0.19,0,❌ NO,-77.3,0.7,0.78,1.39,1.91,1,0.04,0.5,-1.237,-0.879,-2.066,-1.789,250000.0,-1.265,0,0.5,🔴 RISIKO,Keins dominant
Luka Dovžan Karahodžić,Domžale,SVN,SVN - 1. SNL,20,U21,Left,188.0,282,26.48,26.48,—,0,-2.97,616.7,99.4,716.2,0.39,0,🔽 LOW,-172.9,243.0,41.5,284.5,0.35,0,❌ NO,-144.0,0.81,1.0,,2.15,0,0.15,0.0,-1.579,0.02,-2.616,-1.743,200000.0,-1.039,0,0.0,🔴 RISIKO,Keins dominant
Vid Juvancic,Radomlje,SVN,SVN - 1. SNL,18,U21,,,386,28.47,29.18,—,0,-0.98,766.5,199.5,966.0,0.56,0,🔽 LOW,-23.1,345.2,86.5,431.7,0.29,0,❌ NO,-41.7,0.71,0.78,1.45,2.16,0,0.05,0.0,-1.681,-0.609,-2.117,-1.821,,-1.254,0,0.0,🔴 RISIKO,Keins dominant
Mátyás Katona,Nyíregyháza Spartacus,HUN,HUN - Nemzeti Bajnokság,27,24+,Left,173.0,403,28.63,29.32,—,0,-0.82,657.2,151.5,808.7,0.64,0,🔽 LOW,-132.4,346.7,87.0,433.6,0.29,0,❌ NO,-40.2,0.72,0.72,1.41,2.07,0,0.06,0.0,-1.228,-0.513,-1.392,-1.439,750000.0,-0.911,0,0.0,🔴 RISIKO,Keins dominant
